タイトル,巻数,著者・編者,出版元,出版年
青森県埋蔵文化財調査センター研究紀要,1,青森県埋蔵文化財調査センター,青森県埋蔵文化財調査センター,1996
青森県埋蔵文化財調査センター研究紀要,2,青森県埋蔵文化財調査センター,青森県埋蔵文化財調査センター,1997
青森県埋蔵文化財調査センター研究紀要,3,青森県埋蔵文化財調査センター,青森県埋蔵文化財調査センター,1998
青森県埋蔵文化財調査センター研究紀要,4,青森県埋蔵文化財調査センター,青森県埋蔵文化財調査センター,1999
青森県埋蔵文化財調査センター研究紀要,5,青森県埋蔵文化財調査センター,青森県埋蔵文化財調査センター,2000
青森県埋蔵文化財調査センター研究紀要,6,青森県埋蔵文化財調査センター,青森県埋蔵文化財調査センター,2000
青森県埋蔵文化財調査センター研究紀要,7,青森県埋蔵文化財調査センター,青森県埋蔵文化財調査センター,2002
青森県埋蔵文化財調査センター研究紀要,8,青森県埋蔵文化財調査センター,青森県埋蔵文化財調査センター,2003
青森県埋蔵文化財調査センター研究紀要,9,青森県埋蔵文化財調査センター,青森県埋蔵文化財調査センター,2004
青森県埋蔵文化財調査センター研究紀要,10,青森県埋蔵文化財調査センター,青森県埋蔵文化財調査センター,2005
青森県埋蔵文化財調査センター研究紀要,11,青森県埋蔵文化財調査センター,青森県埋蔵文化財調査センター,2006
青森県埋蔵文化財調査センター研究紀要,12,青森県埋蔵文化財調査センター,青森県埋蔵文化財調査センター,2007
青森県埋蔵文化財調査センター研究紀要,13,青森県埋蔵文化財調査センター,青森県埋蔵文化財調査センター,2008
青森県埋蔵文化財調査センター研究紀要,14,青森県埋蔵文化財調査センター,青森県埋蔵文化財調査センター,2009
青森県埋蔵文化財調査センター研究紀要,15,青森県埋蔵文化財調査センター,青森県埋蔵文化財調査センター,2010
青森県埋蔵文化財調査センター研究紀要,16,青森県埋蔵文化財調査センター,青森県埋蔵文化財調査センター,2011
青森県埋蔵文化財調査センター研究紀要,17,青森県埋蔵文化財調査センター,青森県埋蔵文化財調査センター,2012
青森県埋蔵文化財調査センター研究紀要,18,青森県埋蔵文化財調査センター,青森県埋蔵文化財調査センター,2013
青森県埋蔵文化財調査センター研究紀要,19,青森県埋蔵文化財調査センター,青森県埋蔵文化財調査センター,2014
青森県埋蔵文化財調査センター研究紀要,20,青森県埋蔵文化財調査センター,青森県埋蔵文化財調査センター,2015
青森県埋蔵文化財調査センター研究紀要,21,青森県埋蔵文化財調査センター,青森県埋蔵文化財調査センター,2016
青森県埋蔵文化財調査センター研究紀要,23,青森県埋蔵文化財調査センター,青森県埋蔵文化財調査センター,2018
青森県埋蔵文化財調査センター研究紀要,24,青森県埋蔵文化財調査センター,青森県埋蔵文化財調査センター,2019
青森県埋蔵文化財調査センター研究紀要,30,青森県埋蔵文化財調査センター,青森県埋蔵文化財調査センター,2025
年報,2,八戸市教育委員会、八戸市埋蔵文化財センター　是川縄文館,八戸市教育委員会、八戸市埋蔵文化財センター　是川縄文館,2013
研究紀要,12,八戸市博物館,八戸市博物館,1997
年報,19,八戸市博物館,八戸市博物館,2001
年報,33,八戸市博物館,八戸市博物館,2015
年報,35,八戸市博物館,八戸市博物館,2017
研究紀要,1,八戸市教育委員会、八戸市埋蔵文化財センター　是川縄文館,八戸市教育委員会、八戸市埋蔵文化財センター　是川縄文館,2012
研究紀要,2,八戸市教育委員会、八戸市埋蔵文化財センター　是川縄文館,八戸市教育委員会、八戸市埋蔵文化財センター　是川縄文館,2013
研究紀要,3,八戸市教育委員会、八戸市埋蔵文化財センター　是川縄文館,八戸市教育委員会、八戸市埋蔵文化財センター　是川縄文館,2014
研究紀要,4,八戸市教育委員会、八戸市埋蔵文化財センター　是川縄文館,八戸市教育委員会、八戸市埋蔵文化財センター　是川縄文館,2015
研究紀要,5,八戸市教育委員会、八戸市埋蔵文化財センター　是川縄文館,八戸市教育委員会、八戸市埋蔵文化財センター　是川縄文館,2016
研究紀要,7,八戸市教育委員会、八戸市埋蔵文化財センター　是川縄文館,八戸市教育委員会、八戸市埋蔵文化財センター　是川縄文館,2018
研究紀要,8,八戸市教育委員会、八戸市埋蔵文化財センター　是川縄文館,八戸市教育委員会、八戸市埋蔵文化財センター　是川縄文館,2019
研究紀要,9,八戸市教育委員会、八戸市埋蔵文化財センター　是川縄文館,八戸市教育委員会、八戸市埋蔵文化財センター　是川縄文館,2020
特別史跡三内丸山遺跡　研究紀要,4,三内丸山遺跡センター,三内丸山遺跡センター,2022
特別史跡三内丸山遺跡　研究紀要,6,三内丸山遺跡センター,三内丸山遺跡センター,2024
北上市立埋蔵文化財センター　紀要,1,北上市立埋蔵文化財センター,北上市立埋蔵文化財センター,1999
北上市立埋蔵文化財センター　紀要,2,北上市立埋蔵文化財センター,北上市立埋蔵文化財センター,2002
北上市立埋蔵文化財センター　紀要,3,北上市立埋蔵文化財センター,北上市立埋蔵文化財センター,2004
北上市立埋蔵文化財センター　紀要,4,北上市立埋蔵文化財センター,北上市立埋蔵文化財センター,2007
北上市立埋蔵文化財センター　紀要,5,北上市立埋蔵文化財センター,北上市立埋蔵文化財センター,2016
北上市立埋蔵文化財センター　紀要,6,北上市立埋蔵文化財センター,北上市立埋蔵文化財センター,2018
岩手県立博物館研究報告,29,岩手県立博物館,公益財団法人岩手県文化振興事業団,2012
岩手県立博物館研究報告,31,岩手県立博物館,公益財団法人岩手県文化振興事業団,2014
岩手県立博物館研究報告,32,岩手県立博物館,公益財団法人岩手県文化振興事業団,2015
岩手県立博物館研究報告,33,岩手県立博物館,公益財団法人岩手県文化振興事業団,2016
岩手県立博物館収蔵資料目録 考古Ⅱ　小田島コレクションその1,8,岩手県立博物館,財団法人岩手県文化振興事業団,1992
岩手県立博物館収蔵資料目録 考古Ⅲ　小田島コレクションその2,11,岩手県立博物館,財団法人岩手県文化振興事業団,1995
岩手県立博物館収蔵資料目録 考古Ⅳ　小田島コレクションその3,14,岩手県立博物館,財団法人岩手県文化振興事業団,1998
岩手県立博物館収蔵資料目録 考古Ⅴ　小田島コレクションその4,16,岩手県立博物館,財団法人岩手県文化振興事業団,2000
岩手県立博物館収蔵資料目録 考古Ⅵ　高橋昭治コレクションその1,17,岩手県立博物館,財団法人岩手県文化振興事業団,2004
岩手県立博物館収蔵資料目録 考古Ⅶ　小岩末治コレクションその1,18,岩手県立博物館,財団法人岩手県文化振興事業団,2005
岩手県立博物館収蔵資料目録 考古Ⅷ　小田島コレクション2次その1,20,岩手県立博物館,財団法人岩手県文化振興事業団,2008
岩手県立博物館収蔵資料目録 考古Ⅸ　高橋昭治コレクションその2,23,岩手県立博物館,財団法人岩手県文化振興事業団,2011
岩手県立埋蔵文化財センター紀要,3,,岩手県立埋蔵文化財センター,1983
岩手県立埋蔵文化財センター紀要,4,,岩手県立埋蔵文化財センター,1984
岩手県立埋蔵文化財センター紀要,5,,岩手県立埋蔵文化財センター,1985
岩手県立埋蔵文化財センター紀要,6,,岩手県立埋蔵文化財センター,1986
岩手県立埋蔵文化財センター紀要,7,,岩手県立埋蔵文化財センター,1987
岩手県立埋蔵文化財センター紀要,8,,岩手県立埋蔵文化財センター,1988
岩手県立埋蔵文化財センター紀要,9,,岩手県立埋蔵文化財センター,1989
岩手県立埋蔵文化財センター紀要,10,,岩手県立埋蔵文化財センター,1990
岩手県立埋蔵文化財センター紀要,11,,岩手県立埋蔵文化財センター,1991
岩手県立埋蔵文化財センター紀要,12,,岩手県立埋蔵文化財センター,1992
岩手県立埋蔵文化財センター紀要,13,,岩手県立埋蔵文化財センター,1993
岩手県立埋蔵文化財センター紀要,14,,岩手県立埋蔵文化財センター,1994
岩手県立埋蔵文化財センター紀要,15,,岩手県立埋蔵文化財センター,1995
岩手県立埋蔵文化財センター紀要,16,,岩手県立埋蔵文化財センター,1996
岩手県立埋蔵文化財センター紀要,18,,岩手県立埋蔵文化財センター,1998
岩手県立埋蔵文化財センター紀要,19,,岩手県立埋蔵文化財センター,2000
岩手県立埋蔵文化財センター紀要,20,,岩手県立埋蔵文化財センター,2001
岩手県立埋蔵文化財センター紀要,21,,岩手県立埋蔵文化財センター,2002
岩手県立埋蔵文化財センター紀要,22,,岩手県立埋蔵文化財センター,2003
岩手県立埋蔵文化財センター紀要,23,,岩手県立埋蔵文化財センター,2004
岩手県立埋蔵文化財センター紀要,24,,岩手県立埋蔵文化財センター,2005
岩手県立埋蔵文化財センター紀要,25,,岩手県立埋蔵文化財センター,2006
岩手県立埋蔵文化財センター紀要,26,,岩手県立埋蔵文化財センター,2007
岩手県立埋蔵文化財センター紀要,27,,岩手県立埋蔵文化財センター,2008
岩手県立埋蔵文化財センター紀要,28,,岩手県立埋蔵文化財センター,2009
岩手県立埋蔵文化財センター紀要,29,,岩手県立埋蔵文化財センター,2010
岩手県立埋蔵文化財センター紀要,30,,岩手県立埋蔵文化財センター,2011
岩手県立埋蔵文化財センター紀要,31,,岩手県立埋蔵文化財センター,2012
岩手県立埋蔵文化財センター紀要,33,,岩手県立埋蔵文化財センター,2014
岩手県立埋蔵文化財センター紀要,34,,岩手県立埋蔵文化財センター,2015
岩手県立埋蔵文化財センター紀要,35,,岩手県立埋蔵文化財センター,2016
岩手県立埋蔵文化財センター紀要,36,,岩手県立埋蔵文化財センター,2017
岩手県立埋蔵文化財センター紀要,37,,岩手県立埋蔵文化財センター,2018
岩手県立埋蔵文化財センター紀要,44,,岩手県立埋蔵文化財センター,2025
平泉文化研究年報,1,岩手県教育委員会事務局文化課,岩手県教育委員会,2001
平泉文化研究年報,2,岩手県教育委員会事務局文化課,岩手県教育委員会,2002
平泉文化研究年報,3,岩手県教育委員会事務局文化課,岩手県教育委員会,2003
平泉文化研究年報,4,岩手県教育委員会事務局文化課,岩手県教育委員会,2004
平泉文化研究年報,8,岩手県教育委員会事務局文化課,岩手県教育委員会,2008
平泉文化研究年報,9,岩手県教育委員会事務局文化課,岩手県教育委員会,2009
平泉文化研究年報,10,岩手県教育委員会事務局文化課,岩手県教育委員会,2010
平泉文化研究年報,11,岩手県教育委員会事務局文化課,岩手県教育委員会,2011
平泉文化研究年報,12,岩手県教育委員会事務局文化課,岩手県教育委員会,2012
平泉文化研究年報,13,岩手県教育委員会事務局文化課,岩手県教育委員会,2013
平泉文化研究年報,15,岩手県教育委員会事務局文化課,岩手県教育委員会,2015
平泉文化研究年報,16,岩手県教育委員会事務局文化課,岩手県教育委員会,2016
平泉文化研究年報,17,岩手県教育委員会事務局文化課,岩手県教育委員会,2017
平泉文化研究年報,18,岩手県教育委員会事務局文化課,岩手県教育委員会,2018
宮古市崎山貝塚縄文の森ミュージアム　年報―令和2年度―,,宮古市教育委員会、宮古市崎山貝塚縄文の森ミュージアム,宮古市教育委員会、宮古市崎山貝塚縄文の森ミュージアム,2021
宮古市崎山貝塚縄文の森ミュージアム　年報―令和3年度―,,宮古市教育委員会、宮古市崎山貝塚縄文の森ミュージアム,宮古市教育委員会、宮古市崎山貝塚縄文の森ミュージアム,2022
宮古市崎山貝塚縄文の森ミュージアム　年報―令和4年度―,,宮古市教育委員会、宮古市崎山貝塚縄文の森ミュージアム,宮古市教育委員会、宮古市崎山貝塚縄文の森ミュージアム,2023
宮古市崎山貝塚縄文の森ミュージアム　年報―令和5年度―,,宮古市教育委員会、宮古市崎山貝塚縄文の森ミュージアム,宮古市教育委員会、宮古市崎山貝塚縄文の森ミュージアム,2024
宮古市崎山貝塚縄文の森ミュージアム　年報―令和6年度―,,宮古市教育委員会、宮古市崎山貝塚縄文の森ミュージアム,宮古市教育委員会、宮古市崎山貝塚縄文の森ミュージアム,2025
秋田県立博物館研究報告,10,,秋田県立博物館,1985
秋田県立博物館研究報告,11,,秋田県立博物館,1986
秋田県立博物館研究報告,12,,秋田県立博物館,1987
秋田県立博物館研究報告,13,,秋田県立博物館,1988
秋田県立博物館研究報告,14,,秋田県立博物館,1989
秋田県立博物館研究報告,15,,秋田県立博物館,1990
秋田県立博物館研究報告,16,,秋田県立博物館,1991
秋田県立博物館研究報告,18,,秋田県立博物館,1993
秋田県立博物館研究報告,19,,秋田県立博物館,1994
秋田県立博物館研究報告,20,,秋田県立博物館,1995
秋田県立博物館研究報告,21,,秋田県立博物館,1996
秋田県立博物館研究報告,22,,秋田県立博物館,1997
秋田県立博物館研究報告,23,,秋田県立博物館,1998
秋田県立博物館研究報告,24,,秋田県立博物館,1999
秋田県立博物館研究報告,25,,秋田県立博物館,2000
秋田県立博物館研究報告,26,,秋田県立博物館,2001
秋田県立博物館研究報告,27,,秋田県立博物館,2002
秋田県立博物館研究報告,28,,秋田県立博物館,2003
秋田県立博物館研究報告,29,,秋田県立博物館,2004
秋田県立博物館研究報告,30,,秋田県立博物館,2005
秋田県立博物館研究報告,31,,秋田県立博物館,2006
秋田県立博物館研究報告,32,,秋田県立博物館,2007
秋田県立博物館研究報告,33,,秋田県立博物館,2008
秋田県立博物館研究報告,34,,秋田県立博物館,2009
秋田県立博物館研究報告,35,,秋田県立博物館,2010
秋田県立博物館研究報告,36,,秋田県立博物館,2011
秋田県立博物館研究報告,37,,秋田県立博物館,2012
秋田県立博物館研究報告,38,,秋田県立博物館,2013
秋田県立博物館研究報告,41,,秋田県立博物館,2016
秋田県立博物館研究報告,42,,秋田県立博物館,2017
秋田県立博物館研究報告,43,,秋田県立博物館,2018
秋田県立博物館研究報告,48,,秋田県立博物館,
秋田県立博物館研究報告,50,,秋田県立博物館,2025
秋田県立博物館館報,,,秋田県立博物館,1985
秋田県立博物館年報,,秋田県立博物館,秋田県立博物館,2016
秋田県立博物館年報,,秋田県立博物館,秋田県立博物館,2017
秋田県立博物館年報,,秋田県立博物館,秋田県立博物館,2018
秋田県立博物館年報,,秋田県立博物館,秋田県立博物館,2023
秋田県立博物館年報,,秋田県立博物館,秋田県立博物館,2023
秋田県立博物館年報,,秋田県立博物館,秋田県立博物館,2025
縄文時代土器集成Ⅲ(早期),,秋田県埋蔵文化財センター,秋田県埋蔵文化財センター,2015
設立10周年記念誌10年のあゆみ,,,秋田県埋蔵文化財センター,1991
研究紀要,4,,秋田県埋蔵文化財センター,1989
研究紀要,5,,秋田県埋蔵文化財センター,1990
研究紀要,6,,秋田県埋蔵文化財センター,1991
研究紀要,7,,秋田県埋蔵文化財センター,1992
研究紀要,8,,秋田県埋蔵文化財センター,1993
研究紀要,9,,秋田県埋蔵文化財センター,1994
研究紀要,12,,秋田県埋蔵文化財センター,1997
研究紀要,13,,秋田県埋蔵文化財センター,1998
研究紀要,14,,秋田県埋蔵文化財センター,1999
研究紀要,16,,秋田県埋蔵文化財センター,2002
研究紀要,17,,秋田県埋蔵文化財センター,2003
研究紀要,20,,秋田県埋蔵文化財センター,2006
秋田県埋蔵文化財センター　研究紀要,25,,秋田県埋蔵文化財センター,2011
秋田県埋蔵文化財センター　研究紀要,29,,秋田県埋蔵文化財センター,2015
秋田県埋蔵文化財センター　研究紀要,32,,秋田県埋蔵文化財センター,2018
秋田県埋蔵文化財センター　研究紀要,33,,秋田県埋蔵文化財センター,2019
平泉文化研究年報,19,,「世界遺産平泉」保存活用推進実行委員会,2019
平泉文化研究年報,21,,岩手大学　岩手県,2021
平泉学研究年報,1,,「世界遺産平泉」保存活用推進実行委員会,2021
柳之御所跡　,,,岩手県文化振興事業団埋蔵文化財センター,1991
国指定史跡柳之御所跡　,,,岩手県教育委員会,2002
岩手県立博物館研究報告,1,,岩手県立博物館,1983
岩手県立博物館研究報告,2,,岩手県立博物館,1984
岩手県立博物館研究報告,3,,岩手県立博物館,1985
岩手県立博物館研究報告,4,,岩手県立博物館,1986
岩手県立博物館研究報告,5,,岩手県立博物館,1987
岩手県立博物館研究報告,6,,岩手県立博物館,1988
岩手県立博物館研究報告,7,,岩手県立博物館,1989
岩手県立博物館研究報告,8,,岩手県立博物館,1990
岩手県立博物館研究報告,9,,岩手県立博物館,1991
岩手県立博物館研究報告,10,,岩手県立博物館,1992
岩手県立博物館研究報告,11,,岩手県立博物館,1993
岩手県立博物館研究報告,12,,岩手県立博物館,1994
岩手県立博物館研究報告,13,,岩手県立博物館,1995
岩手県立博物館研究報告,14,,岩手県立博物館,1997
岩手県立博物館研究報告,15,,岩手県立博物館,1997
岩手県立博物館研究報告,16,,岩手県立博物館,1998
岩手県立博物館研究報告,17,,岩手県立博物館,1999
岩手県立博物館研究報告,18,,岩手県立博物館,2001
岩手県立博物館研究報告,19,,岩手県立博物館,2002
岩手県立博物館研究報告,20,,岩手県立博物館,2003
岩手県立博物館研究報告,21,,岩手県立博物館,2003
岩手県立博物館研究報告,22,,岩手県立博物館,2005
岩手県立博物館研究報告,23,,岩手県立博物館,2006
岩手県立博物館研究報告,24,,岩手県立博物館,2007
岩手県立博物館研究報告,25,,岩手県立博物館,2008
岩手県立博物館研究報告,26,,岩手県立博物館,2009
岩手県立博物館研究報告,28,,岩手県立博物館,2011
岩手県立博物館研究報告,30,,岩手県立博物館,2013
石巻　文化財たんぼう,2,,石巻市教育委員会,1992
石巻　文化財たんぼう,3,,石巻市教育委員会,1993
東北歴史資料館研究紀要,8,,東北歴史資料館,1982
東北歴史資料館研究紀要,9,,東北歴史資料館,1983
東北歴史資料館研究紀要,12,,東北歴史資料館,1986
東北歴史資料館研究紀要,13,,東北歴史資料館,1987
東北歴史資料館研究紀要,14,,東北歴史資料館,1988
東北歴史資料館研究紀要,15,,東北歴史資料館,1989
東北歴史資料館研究紀要,16・17,,東北歴史資料館,1991
東北歴史資料館研究紀要,18,,東北歴史資料館,1992
東北歴史資料館研究紀要,22,,東北歴史資料館,1996
東北歴史資料館研究紀要,23,,東北歴史資料館,1997
東北歴史資料館研究紀要,24,,東北歴史資料館,1998
東北歴史資料館研究紀要,25,,東北歴史資料館,1999
歴史遺産研究,6,,東北芸術工科大学　歴史遺産学科,2010
歴史遺産研究,13,,,2019
歴史遺産研究,19,,東北芸術工科大学　歴史遺産学科,2025
研究紀要Ⅳ,4,,宮城県多賀城跡調査研究所,1977
宮城県多賀城跡調査研究所研究紀要　,1〜6,,宮城県多賀城跡調査研究所,1974〜1979
研究紀要Ⅶ,7,,宮城県多賀城跡調査研究所,1980
仙台藩白老元陣屋資料館報,11,,仙台藩白老元陣屋資料館,2005
仙台藩白老元陣屋資料館報,15・16,,仙台藩白老元陣屋資料館,2009
Bulletin of the Tohoku University Museum ,18,,東北大学総合学術博物館,2019
Bulletin of the Tohoku University Museum ,19,,東北大学総合学術博物館,2020
Bulletin of the Tohoku University Museum ,22,,東北大学総合学術博物館,2023
Bulletin of the Tohoku University Museum ,24,,東北大学総合学術博物館,2025
平成17年度　山形県埋蔵文化財発掘調査報告会資料,,,財団法人山形県埋蔵文化財センター,2005
研究紀要,創刊号,,財団法人山形県埋蔵文化財センター,2003
研究紀要,2,,財団法人山形県埋蔵文化財センター,2004
研究紀要,3,,財団法人山形県埋蔵文化財センター,2005
研究紀要,4,,財団法人山形県埋蔵文化財センター,2006
研究紀要,5,,財団法人山形県埋蔵文化財センター,2008
研究紀要,6,,財団法人山形県埋蔵文化財センター,2014
研究紀要,7,,財団法人山形県埋蔵文化財センター,2015
研究紀要,8,,財団法人山形県埋蔵文化財センター,2016
研究紀要,9,,財団法人山形県埋蔵文化財センター,2017
研究紀要,10,,財団法人山形県埋蔵文化財センター,2018
研究紀要,11,,財団法人山形県埋蔵文化財センター,2019
福島県立博物館紀要,11,,福島県立博物館,1997
福島県立博物館紀要,12,,福島県立博物館,1998
福島県立博物館紀要,13,,福島県立博物館,1999
福島県立博物館紀要,14,,福島県立博物館,2000
福島県立博物館紀要,15,,福島県立博物館,2001
福島県立博物館紀要,16,,福島県立博物館,2002
福島県立博物館紀要,17,,福島県立博物館,2003
福島県立博物館紀要,18,,福島県立博物館,2004
福島県立博物館紀要,19,,福島県立博物館,2005
福島県立博物館紀要,20,,福島県立博物館,2006
福島県立博物館紀要,21,,福島県立博物館,2007
福島県立博物館紀要,22,,福島県立博物館,2008
福島県立博物館紀要,23,,福島県立博物館,2009
福島県立博物館紀要,24,,福島県立博物館,2010
福島県立博物館紀要,25,,福島県立博物館,2011
福島県立博物館紀要,26,,福島県立博物館,2012
福島県立博物館紀要,27,,福島県立博物館,2013
福島県立博物館紀要,28,,福島県立博物館,2014
福島県立博物館紀要,29,,福島県立博物館,2015
福島県立博物館紀要,30,,福島県立博物館,2016
福島県立博物館紀要,31,,福島県立博物館,2017
福島県立博物館紀要,32,,福島県立博物館,2018
福島県文化財センター白河館研究紀要,2001,,"福島県教育委員会
(財)福島県文化振興事業団",2001
福島県文化財センター白河館研究紀要,2002,,"福島県教育委員会
(財)福島県文化振興事業団",2002
福島県文化財センター白河館研究紀要,2003,,"福島県教育委員会
(財)福島県文化振興事業団",2003
福島県文化財センター白河館研究紀要,2004,,"福島県教育委員会
(財)福島県文化振興事業団",2004
福島県文化財センター白河館研究紀要,2005,,"福島県教育委員会
(財)福島県文化振興事業団",2005
福島県文化財センター白河館研究紀要,2006,,"福島県教育委員会
(財)福島県文化振興事業団",2006
福島県文化財センター白河館研究紀要,2007,,"福島県教育委員会
(財)福島県文化振興事業団",2007
福島県文化財センター白河館研究紀要,2008,,"福島県教育委員会
(財)福島県文化振興事業団",2008
福島県文化財センター白河館研究紀要,2009,,"福島県教育委員会
(財)福島県文化振興事業団",2009
福島県文化財センター白河館研究紀要,2010,,"福島県教育委員会
(財)福島県文化振興事業団",2010
福島県文化財センター白河館研究紀要,2011,,"福島県教育委員会
(財)福島県文化振興事業団",2011
福島県文化財センター白河館研究紀要,2012,,"福島県教育委員会
(財)福島県文化振興事業団",2012
福島県文化財センター白河館研究紀要,2013,,"福島県教育委員会
(財)福島県文化振興事業団",2013
福島県文化財センター白河館研究紀要,2014,,"福島県教育委員会
(財)福島県文化振興事業団",2014
福島県文化財センター白河館研究紀要,2015,,"福島県教育委員会
(財)福島県文化振興事業団",2015
福島県文化財センター白河館研究紀要,2016,,"福島県教育委員会
(財)福島県文化振興事業団",2016
福島県文化財センター白河館研究紀要,2017,,,
福島県文化財センター白河館研究紀要,2025,,"福島県教育委員会
(財)福島県文化振興事業団",2017
研究紀要１・年報,,,三春町歴史民俗資料館,1994
双葉町歴史民俗資料館研究紀要,2,,双葉町歴史民俗資料館,1994
いわき市教育文化事業団研究紀要,1,,いわき市教育文化事業団,1988
いわき市教育文化事業団研究紀要,2,,いわき市教育文化事業団,1991
いわき市教育文化事業団研究紀要,3,,いわき市教育文化事業団,1992
いわき市教育文化事業団研究紀要,4,,いわき市教育文化事業団,1992
いわき市教育文化事業団研究紀要,5,,いわき市教育文化事業団,1993
いわき市教育文化事業団研究紀要,6,,いわき市教育文化事業団,1995
いわき市教育文化事業団研究紀要,7,,いわき市教育文化事業団,1996
いわき市教育文化事業団研究紀要,8,,いわき市教育文化事業団,1997
いわき市教育文化事業団研究紀要,9,,いわき市教育文化事業団,1998
いわき市教育文化事業団研究紀要,10,,いわき市教育文化事業団,1999
いわき市教育文化事業団研究紀要,11,,いわき市教育文化事業団,2000
いわき市教育文化事業団研究紀要,12,,いわき市教育文化事業団,2003
いわき市教育文化事業団研究紀要,22,,いわき市教育文化事業団,2025
研究ノート,第７号,茨城県教育財団,茨城県教育財団,1997
研究ノート,第８号,茨城県教育財団,茨城県教育財団,1998
研究ノート,第９号,茨城県教育財団,茨城県教育財団,1999
研究ノート,第１０号,茨城県教育財団,茨城県教育財団,2000
研究ノート,第１１号,茨城県教育財団,茨城県教育財団,2001
研究ノート,第１２号,茨城県教育財団,茨城県教育財団,2002
研究ノート,第１３号,茨城県教育財団,茨城県教育財団,2003
研究ノート,第１４号,茨城県教育財団,茨城県教育財団,2004
研究ノート,第１５号,茨城県教育財団,茨城県教育財団,2005
研究ノート,第１６号,茨城県教育財団,茨城県教育財団,2006
埋蔵文化財　年報,令和５年度,茨城県教育財団,茨城県教育財団,2024
小美玉市史料館報,第９号,小美玉市史料館,小美玉市史料館,2015
小美玉市史料館報,第１０号,小美玉市史料館,小美玉市史料館,2016
玉里村立史料館報,第９号,玉里村立史料館,玉里村立史料館,2004
玉里村立史料館報,第１０号,玉里村立史料館,玉里村立史料館,2005
茨城県の土師器集成,第１集,茨城考古学会,茨城考古学会,1967
学術調査概報　県内貝塚における動物遺存体の研究（１）,1,茨城県歴史館,茨城県歴史館,1978
学術調査概報　県内貝塚における動物遺存体の研究（２）,2,茨城県歴史館,茨城県歴史館,1979
学術調査概報　県内貝塚における動物遺存体の研究（３）,3,茨城県歴史館,茨城県歴史館,1980
土浦市立博物館紀要,第１号,土浦市立博物館,土浦市立博物館,1989
土浦市立博物館紀要,第２号,土浦市立博物館,土浦市立博物館,1990
土浦市立博物館紀要,第３号,土浦市立博物館,土浦市立博物館,1991
土浦市立博物館紀要,第４号,土浦市立博物館,土浦市立博物館,1992
土浦市立博物館紀要,第６号,土浦市立博物館,土浦市立博物館,1995
土浦市立博物館紀要,第７号,土浦市立博物館,土浦市立博物館,1996
土浦市立博物館紀要,第８号,土浦市立博物館,土浦市立博物館,1997
土浦市立博物館紀要,第９号,土浦市立博物館,土浦市立博物館,1999
土浦市立博物館紀要,第１０号,土浦市立博物館,土浦市立博物館,2000
土浦市立博物館紀要,第１６号,土浦市立博物館,土浦市立博物館,2006
土浦市立博物館紀要,第１７号,土浦市立博物館,土浦市立博物館,2007
土浦市立博物館紀要,第３２号,土浦市立博物館,土浦市立博物館,2022
土浦市立博物館紀要,第３5号,土浦市立博物館,土浦市立博物館,2025
土浦市上高津貝塚ふるさと歴史の広場年報,第１２号,上高津貝塚ふるさと歴史の広場,上高津貝塚ふるさと歴史の広場,2005
土浦市上高津貝塚ふるさと歴史の広場年報,第１５号,上高津貝塚ふるさと歴史の広場,上高津貝塚ふるさと歴史の広場,2008
土浦市上高津貝塚ふるさと歴史の広場年報,第２０号,上高津貝塚ふるさと歴史の広場,上高津貝塚ふるさと歴史の広場,2013
土浦市上高津貝塚ふるさと歴史の広場年報,第２１号,上高津貝塚ふるさと歴史の広場,上高津貝塚ふるさと歴史の広場,2014
土浦市上高津貝塚ふるさと歴史の広場年報,第２９号,上高津貝塚ふるさと歴史の広場,上高津貝塚ふるさと歴史の広場,2014
土浦市上高津貝塚ふるさと歴史の広場年報,第３０号,上高津貝塚ふるさと歴史の広場,上高津貝塚ふるさと歴史の広場,2023
栃木県立博物館研究紀要,第８号,栃木県立博物館,栃木県立博物館,1991
栃木県立博物館研究紀要,第１２号,栃木県立博物館,栃木県立博物館,1995
栃木県立博物館研究紀要,第１３号,栃木県立博物館,栃木県立博物館,1996
栃木県立博物館研究紀要,第１４号,栃木県立博物館,栃木県立博物館,1997
栃木県立博物館研究紀要,第１５号,栃木県立博物館,栃木県立博物館,1998
栃木県立博物館研究紀要,第１６号,栃木県立博物館,栃木県立博物館,1999
栃木県立博物館研究紀要,第１７号,栃木県立博物館,栃木県立博物館,2000
栃木県立博物館研究紀要,第１８号,栃木県立博物館,栃木県立博物館,2001
栃木県立博物館研究紀要,第１９号,栃木県立博物館,栃木県立博物館,2002
栃木県立博物館研究紀要,第２０号,栃木県立博物館,栃木県立博物館,2003
栃木県立博物館研究紀要,第２１号,栃木県立博物館,栃木県立博物館,2004
栃木県立博物館研究紀要,第２２号,栃木県立博物館,栃木県立博物館,2005
栃木県立博物館研究紀要,第２３号,栃木県立博物館,栃木県立博物館,2006
栃木県立博物館研究紀要,第２４号,栃木県立博物館,栃木県立博物館,2007
栃木県立博物館研究紀要,第２６号,栃木県立博物館,栃木県立博物館,2009
栃木県立博物館研究紀要,第２７号,栃木県立博物館,栃木県立博物館,2010
栃木県立博物館研究紀要,第２８号,栃木県立博物館,栃木県立博物館,2011
栃木県立博物館研究紀要,第２９号,栃木県立博物館,栃木県立博物館,2012
栃木県立博物館研究紀要,第３０号,栃木県立博物館,栃木県立博物館,2013
栃木県立博物館研究紀要,第３１号,栃木県立博物館,栃木県立博物館,2014
栃木県立博物館研究紀要,第３4号,栃木県立博物館,栃木県立博物館,2017
栃木県立博物館研究紀要,第41号,栃木県立博物館,栃木県立博物館,2024
栃木県立博物館研究紀要,第42号,栃木県立博物館,栃木県立博物館,2025
栃木県立博物館調査研究報告書　大谷寺洞穴遺跡出土屈葬人骨の保存処理及び自然科学的調査報告,,栃木県立博物館,栃木県立博物館,2000
栃木県立博物館調査研究報告書　辰巳四郎先生旧蔵資料ー写真で見る昭和３０～４０年代の栃木の遺跡と発掘調査―,,栃木県立博物館,栃木県立博物館,2005
研究紀要,第１号,（財）栃木県文化振興事業団埋蔵文化財センター,（財）栃木県文化振興事業団埋蔵文化財センター,1992
研究紀要,第２号,（財）栃木県文化振興事業団埋蔵文化財センター,（財）栃木県文化振興事業団埋蔵文化財センター,1994
研究紀要,第３号,（財）栃木県文化振興事業団埋蔵文化財センター,（財）栃木県文化振興事業団埋蔵文化財センター,1995
研究紀要,第４号,（財）栃木県文化振興事業団埋蔵文化財センター,（財）栃木県文化振興事業団埋蔵文化財センター,1996
研究紀要,第５号,（財）栃木県文化振興事業団埋蔵文化財センター,（財）栃木県文化振興事業団埋蔵文化財センター,1997
研究紀要,第６号,（財）栃木県文化振興事業団埋蔵文化財センター,（財）栃木県文化振興事業団埋蔵文化財センター,1998
研究紀要,第７号,（財）栃木県文化振興事業団埋蔵文化財センター,（財）栃木県文化振興事業団埋蔵文化財センター,1999
研究紀要,第８号,（財）栃木県文化振興事業団埋蔵文化財センター,（財）栃木県文化振興事業団埋蔵文化財センター,2000
研究紀要,第９号,（財）とちぎ生涯学習文化財団埋蔵文化財センター,（財）とちぎ生涯学習文化財団埋蔵文化財センター,2001
研究紀要,第１０号,（財）とちぎ生涯学習文化財団埋蔵文化財センター,（財）とちぎ生涯学習文化財団埋蔵文化財センター,2002
研究紀要,第１１号,（財）とちぎ生涯学習文化財団埋蔵文化財センター,（財）とちぎ生涯学習文化財団埋蔵文化財センター,2003
研究紀要,第１２号,（財）とちぎ生涯学習文化財団埋蔵文化財センター,（財）とちぎ生涯学習文化財団埋蔵文化財センター,2004
研究紀要,第１３号,（財）とちぎ生涯学習文化財団埋蔵文化財センター,（財）とちぎ生涯学習文化財団埋蔵文化財センター,2005
研究紀要,第１４号,（財）とちぎ生涯学習文化財団埋蔵文化財センター,（財）とちぎ生涯学習文化財団埋蔵文化財センター,2006
研究紀要―栃木県の埋蔵文化財と考古学―,第１５号,（財）とちぎ生涯学習文化財団埋蔵文化財センター,（財）とちぎ生涯学習文化財団埋蔵文化財センター,2007
研究紀要,第１６号,（財）とちぎ生涯学習文化財団埋蔵文化財センター,（財）とちぎ生涯学習文化財団埋蔵文化財センター,2008
研究紀要,第１７号,（財）とちぎ生涯学習文化財団埋蔵文化財センター,（財）とちぎ生涯学習文化財団埋蔵文化財センター,2009
研究紀要,第１８号,（財）とちぎ生涯学習文化財団埋蔵文化財センター,（財）とちぎ生涯学習文化財団埋蔵文化財センター,2010
研究紀要,第２０号,（財）とちぎ生涯学習文化財団埋蔵文化財センター,（財）とちぎ生涯学習文化財団埋蔵文化財センター,2012
研究紀要,第２１号,（財）とちぎ生涯学習文化財団埋蔵文化財センター,（財）とちぎ生涯学習文化財団埋蔵文化財センター,2013
研究紀要,第２２号,（財）とちぎ生涯学習文化財団埋蔵文化財センター,（財）とちぎ生涯学習文化財団埋蔵文化財センター,2014
研究紀要,第２３号,（財）とちぎ生涯学習文化財団埋蔵文化財センター,（財）とちぎ生涯学習文化財団埋蔵文化財センター,2015
研究紀要,第２４号,（財）とちぎ生涯学習文化財団埋蔵文化財センター,（財）とちぎ生涯学習文化財団埋蔵文化財センター,2016
研究紀要,第２５号,（財）とちぎ生涯学習文化財団埋蔵文化財センター,（財）とちぎ生涯学習文化財団埋蔵文化財センター,2017
研究紀要,第２６号,（財）とちぎ生涯学習文化財団埋蔵文化財センター,（財）とちぎ生涯学習文化財団埋蔵文化財センター,2018
研究紀要,第２７号,（財）とちぎ生涯学習文化財団埋蔵文化財センター,（財）とちぎ生涯学習文化財団埋蔵文化財センター,2019
研究紀要,第３２号,（財）とちぎ生涯学習文化財団埋蔵文化財センター,（財）とちぎ生涯学習文化財団埋蔵文化財センター,2024
研究紀要,第３１号,（財）とちぎ生涯学習文化財団埋蔵文化財センター,（財）とちぎ生涯学習文化財団埋蔵文化財センター,2023
栃木県立しもつけ風土記の丘史料館年報,第２９号,栃木県立しもつけ風土記の丘史料館,栃木県教育委員会,2015
栃木県立なす風土記の丘史料館年報,第２３号,栃木県立なす風土記の丘史料館,栃木県教育委員会,2015
笠懸野岩宿文化資料館研究紀要　岩宿,創刊号,笠懸野岩宿文化資料館,笠懸野岩宿文化資料館,2002
笠懸野岩宿文化資料館研究紀要　岩宿,第２号,笠懸野岩宿文化資料館,笠懸野岩宿文化資料館,2006
岩宿博物館研究紀要　岩宿,第３号,岩宿博物館,岩宿博物館,2014
岩宿博物館研究紀要　岩宿,第４号,岩宿博物館,岩宿博物館,2023
岩宿フォーラム2022/シンポジウム　東北頁岩と北関東地方　予稿集,,岩宿博物館,岩宿博物館,2022
笠懸野　岩宿文化資料館　年報,平成９年度・１０年度,笠懸野岩宿文化資料館,笠懸野岩宿文化資料館,2001
笠懸野　岩宿文化資料館　年報,平成14年度,笠懸野岩宿文化資料館,笠懸野岩宿文化資料館,2005
笠懸野　岩宿文化資料館　年報,平成15年度,笠懸野岩宿文化資料館,笠懸野岩宿文化資料館,2005
笠懸野　岩宿文化資料館　年報,平成16年度,笠懸野岩宿文化資料館,笠懸野岩宿文化資料館,2006
岩宿博物館　年報,平成18年度,岩宿博物館,岩宿博物館,2007
岩宿博物館　20周年のあゆみ,,岩宿博物館,岩宿博物館,2013
岩宿博物館　年報,平成21年度,岩宿博物館,岩宿博物館,2010
岩宿博物館　年報,平成22年度,岩宿博物館,岩宿博物館,2011
岩宿博物館　年報,平成23年度,岩宿博物館,岩宿博物館,2012
岩宿博物館　年報,平成24年度,岩宿博物館,岩宿博物館,2013
岩宿博物館　年報,平成25年度,岩宿博物館,岩宿博物館,2014
岩宿博物館　年報,平成28年度,岩宿博物館,岩宿博物館,2017
岩宿博物館　年報,令和２年度,岩宿博物館,岩宿博物館,2021
岩宿博物館　年報,令和３年度,岩宿博物館,岩宿博物館,2022
渋川市歴史資料館紀要,1,渋川市教育委員会,渋川市教育委員会,2010
群馬県立歴史博物館調査報告書,1,群馬県立歴史博物館,群馬県立歴史博物館,1985
群馬県立歴史博物館年報,6,群馬県立歴史博物館,群馬県立歴史博物館,1985
群馬県立歴史博物館紀要,1,群馬県立歴史博物館,群馬県立歴史博物館,1980
群馬県立歴史博物館紀要,3,群馬県立歴史博物館,群馬県立歴史博物館,1982
群馬県立歴史博物館紀要,4,群馬県立歴史博物館,群馬県立歴史博物館,1983
群馬県立歴史博物館紀要,5,群馬県立歴史博物館,群馬県立歴史博物館,1984
群馬県立歴史博物館紀要,6,群馬県立歴史博物館,群馬県立歴史博物館,1985
群馬県立歴史博物館紀要,8,群馬県立歴史博物館,群馬県立歴史博物館,1987
群馬県立歴史博物館紀要,11,群馬県立歴史博物館,群馬県立歴史博物館,1990
年報,4,群馬県埋蔵文化財調査事業団,群馬県埋蔵文化財調査事業団,1985
埼玉県立博物館有資料目録,,埼玉県立博物館,埼玉県立博物館,1979
武蔵埼玉稲荷山古墳出土品　国宝指定記念講演会の記録,,埼玉県立さきたま資料館,埼玉県立さきたま資料館,1984
紀要,1,埼玉県立博物館,埼玉県立博物館,1974
埼玉県立博物館紀要,3,埼玉県立博物館,埼玉県立博物館,1976
埼玉県立博物館紀要,4,埼玉県立博物館,埼玉県立博物館,1977
埼玉県立博物館紀要,5,埼玉県立博物館,埼玉県立博物館,1978
埼玉県立博物館紀要,7,埼玉県立博物館,埼玉県立博物館,1980
埼玉県立博物館紀要,10,埼玉県立博物館,埼玉県立博物館,1983
埼玉県立博物館紀要,11,埼玉県立博物館,埼玉県立博物館,1984
埼玉県立博物館紀要,12,埼玉県立博物館,埼玉県立博物館,1985
研究紀要 縄文中期土器群の再編,,財団法人　埼玉県埋蔵文化財調査事業団,財団法人　埼玉県埋蔵文化財調査事業団,1982
行田市郷土博物館報　平成23・24年度,17,行田市郷土博物館,行田市郷土博物館,2014
埼玉県立博物館紀要,24,埼玉県立博物館,埼玉県立博物館,1999
埼玉県立博物館紀要,27,埼玉県立博物館,埼玉県立博物館,2002
埼玉県立史跡の博物館紀要,2,埼玉県立史跡の博物館,埼玉県立史跡の博物館,2008
埼玉県立歴史資料館研究紀要,2,埼玉県立歴史資料館,埼玉県立歴史資料館,1980
埼玉県立歴史資料館研究紀要,3,埼玉県立歴史資料館,埼玉県立歴史資料館,1981
埼玉県立歴史資料館研究紀要,4,埼玉県立歴史資料館,埼玉県立歴史資料館,1982
埼玉県立歴史資料館研究紀要,5,埼玉県立歴史資料館,埼玉県立歴史資料館,1983
研究紀要,9,埼玉県立歴史資料館,埼玉県立歴史資料館,1987
研究紀要,10,埼玉県立歴史資料館,埼玉県立歴史資料館,1988
研究紀要,8,埼玉県埋蔵文化財調査事業団,埼玉県埋蔵文化財調査事業団,1982
研究紀要,9,埼玉県埋蔵文化財調査事業団,埼玉県埋蔵文化財調査事業団,1992
研究紀要,10,埼玉県埋蔵文化財調査事業団,埼玉県埋蔵文化財調査事業団,1993
研究紀要,11,埼玉県埋蔵文化財調査事業団,埼玉県埋蔵文化財調査事業団,1994
研究紀要,12,埼玉県埋蔵文化財調査事業団,埼玉県埋蔵文化財調査事業団,1995
研究紀要,13,埼玉県埋蔵文化財調査事業団,埼玉県埋蔵文化財調査事業団,1997
研究紀要,14,埼玉県埋蔵文化財調査事業団,埼玉県埋蔵文化財調査事業団,1998
研究紀要,15,埼玉県埋蔵文化財調査事業団,埼玉県埋蔵文化財調査事業団,1999
研究紀要,16,埼玉県埋蔵文化財調査事業団,埼玉県埋蔵文化財調査事業団,2001
研究紀要,17,埼玉県埋蔵文化財調査事業団,埼玉県埋蔵文化財調査事業団,2002
研究紀要,18,埼玉県埋蔵文化財調査事業団,埼玉県埋蔵文化財調査事業団,2003
研究紀要,19,埼玉県埋蔵文化財調査事業団,埼玉県埋蔵文化財調査事業団,2004
研究紀要,20,埼玉県埋蔵文化財調査事業団,埼玉県埋蔵文化財調査事業団,2005
研究紀要,21,埼玉県埋蔵文化財調査事業団,埼玉県埋蔵文化財調査事業団,2006
研究紀要,22,埼玉県埋蔵文化財調査事業団,埼玉県埋蔵文化財調査事業団,2007
研究紀要,23,埼玉県埋蔵文化財調査事業団,埼玉県埋蔵文化財調査事業団,2008
研究紀要,24,埼玉県埋蔵文化財調査事業団,埼玉県埋蔵文化財調査事業団,2009
研究紀要,1〜３,千葉県文化財センター,千葉県文化財センター,1978
研究紀要,４〜６,千葉県文化財センター,千葉県文化財センター,1981
研究紀要,7,千葉県文化財センター,千葉県文化財センター,1982
研究紀要,8,千葉県文化財センター,千葉県文化財センター,1984
研究紀要,9,千葉県文化財センター,千葉県文化財センター,1985
研究紀要　10周年記念論集,10,千葉県文化財センター,千葉県文化財センター,1986
研究紀要,11,千葉県文化財センター,千葉県文化財センター,1987
研究紀要,12,千葉県文化財センター,千葉県文化財センター,1990
研究紀要,13,千葉県文化財センター,千葉県文化財センター,1992
研究紀要,14,千葉県文化財センター,千葉県文化財センター,1993
研究紀要,15,千葉県文化財センター,千葉県文化財センター,1994
研究紀要　20周年記念論集,16,千葉県文化財センター,千葉県文化財センター,1995
研究紀要,17,千葉県文化財センター,千葉県文化財センター,1996
研究紀要,18,千葉県文化財センター,千葉県文化財センター,1997
研究紀要,19,千葉県文化財センター,千葉県文化財センター,1999
研究紀要,20,千葉県文化財センター,千葉県文化財センター,2000
研究紀要,21,千葉県文化財センター,千葉県文化財センター,2000
研究紀要,22,千葉県文化財センター,千葉県文化財センター,2001
研究紀要,23,千葉県文化財センター,千葉県文化財センター,2002
研究紀要　30周年記念論集,24,千葉県文化財センター,千葉県文化財センター,2005
研究紀要,25,千葉県教育振興財団,千葉県教育振興財団,2006
研究紀要,26,千葉県教育振興財団,千葉県教育振興財団,2009
研究紀要,27,千葉県教育振興財団,千葉県教育振興財団,2012
研究紀要,28,千葉県教育振興財団,千葉県教育振興財団,2013
文化財センター年報,39,千葉県教育振興財団,千葉県教育振興財団,2014
文化財センター年報,40,千葉県教育振興財団,千葉県教育振興財団,2015
文化財センター年報,46,千葉県教育振興財団,千葉県教育振興財団,2021
文化財センター年報,47,千葉県教育振興財団,千葉県教育振興財団,2022
文化財センター年報,49,千葉県教育振興財団,千葉県教育振興財団,2024
研究紀要,2,市原市文化財センター,市原市文化財センター,1993
研究紀要,3,市原市文化財センター,市原市文化財センター,1995
研究紀要,4,市原市文化財センター,市原市文化財センター,2003
研究紀要,5,市原市文化財センター,市原市文化財センター,2005
研究紀要,6,市原市文化財センター,市原市文化財センター,2006
研究連絡誌,1,千葉県文化財センター,,1982
研究連絡誌,2,千葉県文化財センター,,1983
研究連絡誌,3,千葉県文化財センター,,1983
研究連絡誌,4,千葉県文化財センター,,1983
研究連絡誌,5,千葉県文化財センター,,1983
研究連絡誌,6,千葉県文化財センター,,1983
研究連絡誌,7・8,千葉県文化財センター,,1984
研究連絡誌,9,千葉県文化財センター,,1984
研究連絡誌,10,千葉県文化財センター,,1984
研究連絡誌,11,千葉県文化財センター,,1985
研究連絡誌,12,千葉県文化財センター,,1985
研究連絡誌,13,千葉県文化財センター,,1985
研究連絡誌,14,千葉県文化財センター,,1985
研究連絡誌,15・16,千葉県文化財センター,,1986
研究連絡誌,17,千葉県文化財センター,,1986
研究連絡誌,18,千葉県文化財センター,,1986
研究連絡誌,19,千葉県文化財センター,,1987
研究連絡誌,20,千葉県文化財センター,,1987
研究連絡誌,21,千葉県文化財センター,,1988
研究連絡誌,22,千葉県文化財センター,,1988
研究連絡誌,23,千葉県文化財センター,,1988
研究連絡誌,24,千葉県文化財センター,,1989
研究連絡誌,25,千葉県文化財センター,,1989
研究連絡誌,26,千葉県文化財センター,,1989
研究連絡誌,27,千葉県文化財センター,,1990
研究連絡誌,28,千葉県文化財センター,,1990
研究連絡誌,29,千葉県文化財センター,,1990
研究連絡誌,30,千葉県文化財センター,,1990
研究連絡誌,31,千葉県文化財センター,,1991
研究連絡誌,32,千葉県文化財センター,,1991
研究連絡誌,33,千葉県文化財センター,,1991
研究連絡誌,34,千葉県文化財センター,,1992
研究連絡誌,35,千葉県文化財センター,,1992
研究連絡誌,36,千葉県文化財センター,,1992
研究連絡誌,37,千葉県文化財センター,,1993
研究連絡誌,38,千葉県文化財センター,,1993
研究連絡誌,39,千葉県文化財センター,,1994
研究連絡誌,40,千葉県文化財センター,,1994
研究連絡誌,41,千葉県文化財センター,,1994
研究連絡誌,42,千葉県文化財センター,,1994
研究連絡誌,43,千葉県文化財センター,,1995
研究連絡誌,44,千葉県文化財センター,,1995
研究連絡誌,45,千葉県文化財センター,,1996
研究連絡誌,46,千葉県文化財センター,,1996
研究連絡誌,47,千葉県文化財センター,,1996
研究連絡誌,48,千葉県文化財センター,,1997
研究連絡誌,49,千葉県文化財センター,,1997
研究連絡誌,50,千葉県文化財センター,,1997
研究連絡誌,51,千葉県文化財センター,,1997
研究連絡誌,52,千葉県文化財センター,,1998
研究連絡誌,53,千葉県文化財センター,,1998
研究連絡誌,54,千葉県文化財センター,,1999
研究連絡誌,55,千葉県文化財センター,,1999
研究連絡誌,56,千葉県文化財センター,,2000
研究連絡誌,57,千葉県文化財センター,,2000
研究連絡誌,58,千葉県文化財センター,,2000
研究連絡誌,59,千葉県文化財センター,,2000
研究連絡誌,60,千葉県文化財センター,,2001
研究連絡誌,61,千葉県文化財センター,,2001
研究連絡誌,62,千葉県文化財センター,,2002
研究連絡誌,63,千葉県文化財センター,,2002
研究連絡誌,64,千葉県文化財センター,,2003
研究連絡誌,65,千葉県文化財センター,,2003
研究連絡誌,66,千葉県文化財センター,,2004
研究連絡誌,67,千葉県文化財センター,,2005
研究連絡誌,68,千葉県教育振興財団,,2007
研究連絡誌,69,千葉県教育振興財団,,2008
研究連絡誌,72,千葉県教育振興財団,,2011
研究連絡誌,73,千葉県教育振興財団,,2012
研究連絡誌,74,千葉県教育振興財団,,2013
研究連絡誌,75,千葉県教育振興財団,,2014
研究連絡誌,76,千葉県教育振興財団,,2015
研究連絡誌,77,千葉県教育振興財団,,2016
昭和56年度市立市川博物館年報,10,市立市川博物館,,1982
昭和57年度市立市川考古博物館年報,11,市立市川考古博物館,,1983
昭和58年度市立市川考古博物館年報,12,市立市川考古博物館,,1984
昭和59年度市立市川考古博物館年報,13,市立市川考古博物館,,1986
昭和60年度市立市川考古博物館年報,14,市立市川考古博物館,,1986
昭和61年度市立市川考古博物館年報,15,市立市川考古博物館,,1988
昭和62年度市立市川考古博物館年報,16,市立市川考古博物館,,1988
昭和63年度市立市川考古博物館年報,17,市立市川考古博物館,,1989
平成元年市立市川考古博物館年報,18,市立市川考古博物館,,1990
平成2年度市立市川考古博物館年報,19,市立市川考古博物館,,1991
平成3年度市立市川考古博物館年報,20,市立市川考古博物館,,1992
平成4年度市立市川考古博物館年報,21,市立市川考古博物館,,1993
平成5年度市立市川考古博物館年報,22,市立市川考古博物館,,1994
平成6年度市立市川考古博物館年報,23,市立市川考古博物館,,1996
平成7年度市立市川考古博物館年報,24,市立市川考古博物館,,1997
平成8年度市立市川考古博物館年報,25,市立市川考古博物館,,1998
平成9年度市立市川考古博物館年報,26,市立市川考古博物館,,1999
平成10年度市立市川考古博物館年報,27,市立市川考古博物館,,1999
平成11年度市立市川考古博物館年報,28,市立市川考古博物館,,2000
市立市川考古博物館研究紀要,1,市立市川考古博物館,,1997
市立市川考古博物館研究紀要,2,市立市川考古博物館,,1998
平成13年度　市立市川考古博物館館報,29,市立市川考古博物館,,2002
平成14年度　市立市川考古博物館館報,30,市立市川考古博物館,,2003
平成15年度　市立市川考古博物館館報,31,市立市川考古博物館,,2004
市立市川考古博物館館報,32,市立市川考古博物館,,2005
市立市川考古博物館館報,33,市立市川考古博物館,,2006
市立市川考古博物館館報,34,市立市川考古博物館,,2007
市立市川考古博物館館報,35,市立市川考古博物館,,2008
市立市川考古博物館館報,36,市立市川考古博物館,,2009
市立市川考古博物館館報,37,市立市川考古博物館,,2010
市立市川考古博物館館報,38,市立市川考古博物館,,2011
市立市川考古博物館館報,39,市立市川考古博物館,,2012
市立市川考古博物館館報,40,市立市川考古博物館,,2013
印旛沼市文化財センター,7,財団法人　印旛沼市文化財センター,,2010
印旛沼市文化財センター,8,財団法人　印旛沼市文化財センター,,2011
市原市文化財センター研究紀要,1,市原市文化財センター,,1987
金鈴塚古墳研究,創刊号,木更津市郷土博物館金のすず,,2012
金鈴塚古墳研究,3,木更津市郷土博物館金のすず,,2015
金鈴塚古墳研究,4,木更津市郷土博物館金のすず,,2016
金鈴塚古墳研究,5,木更津市郷土博物館金のすず,,2017
金鈴塚古墳研究,6,木更津市郷土博物館金のすず,,2018
金鈴塚古墳出土品国宝化推進事業公開シンポジウム　金鈴塚古墳の主に迫る　記録集,,木更津市教育委員会,,2021
松戸市立博物館紀要,1,松戸市立博物館,,1994
松戸市立博物館紀要,2,松戸市立博物館,,1995
松戸市立博物館紀要,3,松戸市立博物館,,1996
松戸市立博物館紀要,4,松戸市立博物館,,1997
松戸市立博物館紀要,5,松戸市立博物館,,1998
松戸市立博物館紀要,6,松戸市立博物館,,1999
松戸市立博物館紀要,7,松戸市立博物館,,2000
松戸市立博物館紀要,8,松戸市立博物館,,2001
松戸市立博物館紀要,9,松戸市立博物館,,2002
松戸市立博物館紀要,10,松戸市立博物館,,2003
松戸市立博物館紀要,11,松戸市立博物館,,2004
松戸市立博物館紀要,12,松戸市立博物館,,2005
松戸市立博物館紀要,13,松戸市立博物館,,2006
松戸市立博物館紀要,14,松戸市立博物館,,2007
松戸市立博物館紀要,15,松戸市立博物館,,2008
松戸市立博物館紀要,16,松戸市立博物館,,2009
松戸市立博物館紀要,17,松戸市立博物館,,2010
松戸市立博物館紀要,18,松戸市立博物館,,2011
松戸市立博物館年報,2,松戸市立博物館,,1996
松戸市立博物館年報,3,松戸市立博物館,,1996
松戸市立博物館年報,4,松戸市立博物館,,1997
松戸市立博物館年報,5,松戸市立博物館,,1998
松戸市立博物館年報,6,松戸市立博物館,,1999
松戸市立博物館年報,7,松戸市立博物館,,2000
松戸市立博物館年報,8,松戸市立博物館,,2001
松戸市立博物館年報,9,松戸市立博物館,,2002
松戸市立博物館年報,10,松戸市立博物館,,2003
松戸市立博物館年報,11,松戸市立博物館,,2004
松戸市立博物館年報,12,松戸市立博物館,,2005
松戸市立博物館年報,13,松戸市立博物館,,2006
松戸市立博物館年報,14,松戸市立博物館,,2007
松戸市立博物館年報,15,松戸市立博物館,,2008
松戸市立博物館年報,16,松戸市立博物館,,2009
千葉県立房総風土記の丘年報,1,千葉県立房総風土記の丘,,1977
千葉県立房総風土記の丘年報,13,千葉県立房総風土記の丘,,1990
千葉県立房総風土記の丘年報,14,千葉県立房総風土記の丘,,1991
千葉県立房総風土記の丘年報,15,千葉県立房総風土記の丘,,1992
千葉県立房総風土記の丘年報,16,千葉県立房総風土記の丘,,1993
千葉県立房総風土記の丘年報,17,千葉県立房総風土記の丘,,1994
千葉県立房総風土記の丘年報,18,千葉県立房総風土記の丘,,1995
千葉県立房総風土記の丘年報,19,千葉県立房総風土記の丘,,1996
千葉県立房総風土記の丘年報,20,千葉県立房総風土記の丘,,1997
千葉県立房総風土記の丘年報,21,千葉県立房総風土記の丘,,1998-1999
千葉県立房総風土記の丘年報,22,千葉県立房総風土記の丘,,2000
千葉県立房総風土記の丘年報,23,千葉県立房総風土記の丘,,2001
千葉県立房総風土記の丘年報,24,千葉県立房総風土記の丘,,2002
千葉県立房総風土記の丘年報,25,千葉県立房総風土記の丘,,2003
千葉県立房総風土記の丘年報,26,千葉県立房総のむら,,2004
千葉県立房総のむら年報,19,千葉県立房総のむら,,2005
千葉県立房総のむら年報,20,千葉県立房総のむら,,2006
君津郡市文化財センター研究紀要,2,財団法人　君津郡市文化財センター,,1984
君津郡市文化財センター研究紀要,3,財団法人　君津郡市文化財センター,,1989
君津郡市文化財センター研究紀要,4,財団法人　君津郡市文化財センター,,1991
君津郡市文化財センター研究紀要,5,財団法人　君津郡市文化財センター,,1991
君津郡市文化財センター研究紀要,6,財団法人　君津郡市文化財センター,,1993
君津郡市文化財センター研究紀要,7,財団法人　君津郡市文化財センター,,1996
君津郡市文化財センター研究紀要,8,財団法人　君津郡市文化財センター,,1998
君津郡市文化財センター研究紀要,9,財団法人　君津郡市文化財センター,,2002
加曽利貝塚博物館二十年のあゆみ,,千葉市立加曽利貝塚博物館,,1987
貝塚博物館研究資料　集落遺構の保存,2,千葉市立加曽利貝塚博物館,,1980
貝塚博物館研究資料　貝塚出土の動物遺体,3,千葉市立加曽利貝塚博物館,,1982
貝塚博物館研究資料　加曽利貝塚人骨の総合調査,6,千葉市立加曽利貝塚博物館,,2001
貝層の研究Ⅰ,,千葉県立加曽利貝塚博物館,,1999
千葉県立加曽利貝塚博物館開館20周年特別講座講演集,,千葉市立加曽利貝塚博物館,,1988
貝塚博物館紀要,1〜5,千葉県立加曽利貝塚博物館,,1966-1970
貝塚博物館紀要,6〜10,千葉市立加曽利貝塚博物館,,1981-1983
貝塚博物館紀要,11,千葉県立加曾利貝塚博物館,,1984
貝塚博物館紀要,12,千葉県立加曾利貝塚博物館,,1985
貝塚博物館紀要,13,千葉県立加曾利貝塚博物館,,1986
貝塚博物館紀要,14,千葉県立加曾利貝塚博物館,,1987
貝塚博物館紀要,15,千葉県立加曾利貝塚博物館,,1988
貝塚博物館紀要,16,千葉県立加曾利貝塚博物館,,1989
貝塚博物館紀要,17,千葉県立加曾利貝塚博物館,,1990
貝塚博物館紀要,18,千葉県立加曾利貝塚博物館,,1991
貝塚博物館紀要,19,千葉県立加曾利貝塚博物館,,1992
貝塚博物館紀要,20,千葉県立加曾利貝塚博物館,,1993
貝塚博物館紀要,21,千葉県立加曾利貝塚博物館,,1994
貝塚博物館紀要,22,千葉県立加曾利貝塚博物館,,1995
貝塚博物館紀要,23,千葉県立加曾利貝塚博物館,,1996
貝塚博物館紀要,24,千葉県立加曾利貝塚博物館,,1997
貝塚博物館紀要,25,千葉県立加曾利貝塚博物館,,1998
貝塚博物館紀要,26,千葉県立加曾利貝塚博物館,,1999
貝塚博物館紀要,27,千葉県立加曾利貝塚博物館,,2000
貝塚博物館紀要,28,千葉県立加曾利貝塚博物館,,2001
貝塚博物館紀要,29,千葉県立加曾利貝塚博物館,,2002
貝塚博物館紀要,30,千葉県立加曾利貝塚博物館,,2003
貝塚博物館紀要,31,千葉県立加曾利貝塚博物館,,2004
貝塚博物館紀要,32,千葉県立加曾利貝塚博物館,,2005
貝塚博物館紀要,33,千葉県立加曾利貝塚博物館,,2006
貝塚博物館紀要,34,千葉県立加曾利貝塚博物館,,2007
貝塚博物館紀要,35,千葉県立加曾利貝塚博物館,,2008
貝塚博物館紀要,36,千葉県立加曾利貝塚博物館,,2009
貝塚博物館紀要,37,千葉県立加曾利貝塚博物館,,2010
貝塚博物館紀要,38,千葉県立加曾利貝塚博物館,,2011
貝塚博物館紀要,39,千葉県立加曾利貝塚博物館,,2012
貝塚博物館紀要,40,千葉県立加曾利貝塚博物館,,2013
貝塚博物館紀要,41,千葉県立加曾利貝塚博物館,,2014
貝塚博物館紀要,42,千葉県立加曾利貝塚博物館,,2016
貝塚博物館紀要,44,千葉県立加曾利貝塚博物館,,2018
貝塚博物館紀要,45,千葉県立加曾利貝塚博物館,,2019
貝塚博物館紀要,46,千葉県立加曾利貝塚博物館,,2020
貝塚博物館紀要,47,千葉県立加曾利貝塚博物館,,2021
貝塚博物館紀要,48,千葉県立加曾利貝塚博物館,,2022
貝塚博物館紀要,49,千葉県立加曾利貝塚博物館,,2023
出光美術館　館報,30-40,出光美術館,,1982
出光美術館　館報,41-45,出光美術館,,1984
正倉院紀要,43,宮内庁正倉院事務所,天理時報社,2021
正倉院紀要,47,宮内庁正倉院事務所,天理時報社,2025
研究紀要,1,港区立港郷土資料館,港区立港郷土資料館,1990
研究紀要,2,港区立港郷土資料館,港区立港郷土資料館,1992
研究紀要,3,港区立港郷土資料館,港区立港郷土資料館,1994
研究紀要,4,港区立港郷土資料館,港区立港郷土資料館,1996
研究紀要,5,港区立港郷土資料館,港区立港郷土資料館,1998
研究紀要,6,港区立港郷土資料館,港区立港郷土資料館,2001
研究紀要,7,港区立港郷土資料館,港区立港郷土資料館,2002
研究紀要,8,港区立港郷土資料館,港区立港郷土資料館,2004
研究紀要,9,港区立港郷土資料館,港区立港郷土資料館,2006
研究紀要,10,港区立港郷土資料館,港区立港郷土資料館,2007
研究紀要,11,港区立港郷土資料館,港区立港郷土資料館,2008
研究紀要,12,港区立港郷土資料館,港区立港郷土資料館,2009
研究紀要,13,港区立港郷土資料館,港区立港郷土資料館,2010
研究紀要,14,港区立港郷土資料館,港区立港郷土資料館,2011
研究紀要,15,港区立港郷土資料館,港区立港郷土資料館,2012
研究紀要,16,港区立港郷土資料館,港区立港郷土資料館,2013
研究紀要,17,港区立港郷土資料館,港区立港郷土資料館,2014
研究紀要,18,港区立港郷土資料館,港区立港郷土資料館,2015
研究紀要,19,港区立港郷土資料館,港区立港郷土資料館,2016
港郷土資料館館報,14,港区立港郷土資料館,港区立港郷土資料館,1995
港郷土資料館館報,15,港区立港郷土資料館,港区立港郷土資料館,1996
港郷土資料館館報,16,港区立港郷土資料館,港区立港郷土資料館,1997
港郷土資料館館報,17,港区立港郷土資料館,港区立港郷土資料館,1998
港郷土資料館館報,21,港区立港郷土資料館,港区立港郷土資料館,2002
港郷土資料館館報,25,港区立港郷土資料館,港区立港郷土資料館,2006
港郷土資料館館報,26,港区立港郷土資料館,港区立港郷土資料館,2007
港郷土資料館館報,27,港区立港郷土資料館,港区立港郷土資料館,2008
港郷土資料館館報,29,港区立港郷土資料館,港区立港郷土資料館,2010
港郷土資料館館報,30,港区立港郷土資料館,港区立港郷土資料館,2011
港郷土資料館館報,31,港区立港郷土資料館,港区立港郷土資料館,2012
港郷土資料館館報,33,港区立港郷土資料館,港区立港郷土資料館,2014
港郷土資料館館報,35,港区立港郷土資料館,港区立港郷土資料館,2016
港区立郷土歴史館　館報3,令和３年度,港区立郷土歴史館,港区立郷土歴史館,2023
港区立郷土歴史館　館報４,令和４年度,港区立郷土歴史館,港区立郷土歴史館,2022
港区立郷土歴史館　館報５,令和5年度,港区立郷土歴史館,港区立郷土歴史館,2023
港区立郷土歴史館　研究紀要,2,港区立郷土歴史館,港区立郷土歴史館,2023
港区立郷土歴史館　研究紀要,3,港区立郷土歴史館,港区立郷土歴史館,2025
府中市埋蔵文化財　研究紀要,1,府中市教育委員会,府中市教育委員会,1992
府中市文化財紀要,1,府中市教育委員会,府中市教育委員会,2012
府中市文化財紀要,2,府中市教育委員会,府中市教育委員会,2014
国立科学博物館研究報告D類（人類学）,17,国立科学博物館,国立科学博物館,1991
国立科学博物館研究報告D類（人類学）,19,国立科学博物館,国立科学博物館,1993
国立科学博物館研究報告D類（人類学）,20,国立科学博物館,国立科学博物館,1994
国立科学博物館研究報告D類（人類学）,21,国立科学博物館,国立科学博物館,1995
国立科学博物館研究報告D類（人類学）,23,国立科学博物館,国立科学博物館,1997
国立科学博物館研究報告D類（人類学）,24,国立科学博物館,国立科学博物館,1998
国立科学博物館研究報告D類（人類学）,25,国立科学博物館,国立科学博物館,1999
国立科学博物館研究報告D類（人類学）,27,国立科学博物館,国立科学博物館,2001
国立科学博物館研究報告D類（人類学）,41,国立科学博物館,国立科学博物館,2015
書陵部紀要 抜刷,26,宮内庁書陵部陵墓課,宮内庁書陵部陵墓課,1974
書陵部紀要 抜刷,27,宮内庁書陵部陵墓課,宮内庁書陵部陵墓課,1975
書陵部紀要 抜刷,28,宮内庁書陵部陵墓課,宮内庁書陵部陵墓課,1976
書陵部紀要,30-35,宮内庁書陵部陵墓課,宮内庁書陵部陵墓課,1978-1983
書陵部紀要 抜刷,53,宮内庁書陵部陵墓課,宮内庁書陵部陵墓課,2002
書陵部紀要,62,宮内庁書陵部,宮内庁書陵部,2010
書陵部紀要,63,宮内庁書陵部,宮内庁書陵部,2011
書陵部紀要,64,宮内庁書陵部,宮内庁書陵部,2012
書陵部紀要,65,宮内庁書陵部,宮内庁書陵部,2013
書陵部紀要,67,宮内庁書陵部,宮内庁書陵部,2015
書陵部紀要,68,宮内庁書陵部,宮内庁書陵部,2016
書陵部紀要,71,宮内庁書陵部,宮内庁書陵部,2019
書陵部紀要,72,宮内庁書陵部,宮内庁書陵部,2020
書陵部紀要,73,宮内庁書陵部,宮内庁書陵部,2021
書陵部紀要,74,宮内庁書陵部,宮内庁書陵部,2022
書陵部紀要,75,宮内庁書陵部,宮内庁書陵部,2023
書陵部紀要,76,宮内庁書陵部,宮内庁書陵部,2024
書陵部紀要［陵墓編］,75,宮内庁書陵部,宮内庁書陵部,2023
書陵部紀要［陵墓編］,76,宮内庁書陵部,宮内庁書陵部,2024
大正大学研究紀要,63-64,大正大学出版部,大正大学出版部,1977-1978
大正大学研究紀要,65-66,大正大学出版部,大正大学出版部,1980-1981
大正大学研究紀要,67-68,大正大学出版部,大正大学出版部,1982-1983
伊藤鉄男・陽夫考古学資料目録,1,法政大学文学部考古学研究室,法政大学文学部考古学研究室,1990
伊藤鉄男・陽夫考古学資料目録,2,法政大学文学部考古学研究室,法政大学文学部考古学研究室,1996
文京区文化財研究紀要,平成11年度,文京区教育委員会,文京区教育委員会,2000
文京区文化財研究紀要,平成12年度,文京区教育委員会,文京区教育委員会,2001
神奈川県立博物館発掘調査報告書　梶山遺跡（１）,第1号,,神奈川県立博物館,1968
神奈川県立博物館発掘調査報告書　第２号　梶山遺跡（２）,第2号,,神奈川県立博物館,1969
神奈川県立博物館発掘調査報告書　第３号　後谷原北横穴群,第3号,,神奈川県立博物館,1969
神奈川県立博物館発掘調査報告書　第５号　左藤内遺跡,第5号,,神奈川県立博物館,1971
神奈川県立博物館発掘調査報告書　第６号　間口洞窟遺跡　資料編,第6号,,神奈川県立博物館,1972
神奈川県立博物館発掘調査報告書　第７号　間口洞窟遺跡　本文編,第7号,,神奈川県立博物館,1973
神奈川県立博物館発掘調査報告書　第８号　間口洞窟遺跡　（２）,第8号,,神奈川県立博物館,1974
神奈川県立博物館研究報告　第１巻　第１号　考古・歴史・美術・民俗,第1巻　第１号,,神奈川県立博物館,1968
神奈川県立博物館研究報告　第１巻　第２号　考古・歴史・美術・民俗,第1巻　第２号,,神奈川県立博物館,1969
神奈川県立博物館研究報告　第10号　考古・歴史・美術・民俗,第10号,,神奈川県立博物館,1982
神奈川県考古資料集成　１　弥生式土器,1,,神奈川県立博物館,1969
神奈川県考古資料集成　３　土師式土器,3,,神奈川県立博物館,1971
神奈川県考古資料集成　４　須恵器,4,,神奈川県立博物館,1972
神奈川県考古資料集成　５　弥生式土器（２）,5,,神奈川県立博物館,1973
かながわの考古学　第1集　神奈川県下における主要遺跡の分布とその問題点,第1集,,神奈川県立埋蔵文化財センター,1990
かながわの考古学　第2集　神奈川県下における集落変遷の分析,第2集,,神奈川県立埋蔵文化財センター,1992
かながわの考古学　第3集　神奈川県の考古学の問題点とその展望,第3集,,神奈川県立埋蔵文化財センター,1993
かながわの考古学　第4集　神奈川の考古学の諸問題,第4集,,神奈川県立埋蔵文化財センター,1994
かながわの考古学　第5集　神奈川の考古学の諸問題,第5集,,神奈川県立埋蔵文化財センター,1995
かながわの考古学　財団設立30周年記念号,,,神奈川県立埋蔵文化財センター,2024
研究紀要1　かながわの考古学,1,,財団法人かながわ考古学財団、神奈川県立埋蔵文化財センター,1996
研究紀要2　かながわの考古学,2,,財団法人かながわ考古学財団、神奈川県立埋蔵文化財センター,1997
研究紀要3　かながわの考古学,3,,財団法人かながわ考古学財団、神奈川県立埋蔵文化財センター,1998
研究紀要4　かながわの考古学,4,,財団法人かながわ考古学財団、神奈川県立埋蔵文化財センター,1999
研究紀要5　かながわの考古学,5,,公益財団法人　かながわ考古学財団,2000
研究紀要6　かながわの考古学,6,,公益財団法人　かながわ考古学財団,2001
研究紀要7　かながわの考古学,7,,公益財団法人　かながわ考古学財団,2002
研究紀要8　かながわの考古学,8,,公益財団法人　かながわ考古学財団,2003
研究紀要9　かながわの考古学,9,,公益財団法人　かながわ考古学財団,2004
研究紀要10　かながわの考古学,10,,公益財団法人　かながわ考古学財団,2005
研究紀要11　かながわの考古学,11,,公益財団法人　かながわ考古学財団,2006
研究紀要12　かながわの考古学,12,,公益財団法人　かながわ考古学財団,2007
研究紀要13　かながわの考古学,13,,公益財団法人　かながわ考古学財団,2008
研究紀要14　かながわの考古学,14,,公益財団法人　かながわ考古学財団,2009
研究紀要15　かながわの考古学,15,,公益財団法人　かながわ考古学財団,2010
研究紀要16　かながわの考古学,16,,公益財団法人　かながわ考古学財団,2011
研究紀要17　かながわの考古学,17,,公益財団法人　かながわ考古学財団,2012
研究紀要18　かながわの考古学,18,,公益財団法人　かながわ考古学財団,2013
研究紀要19　かながわの考古学,19,,公益財団法人　かながわ考古学財団,2014
研究紀要20　かながわの考古学,20,,公益財団法人　かながわ考古学財団,2015
研究紀要21　かながわの考古学,21,,公益財団法人　かながわ考古学財団,2016
研究紀要22　かながわの考古学,22,,公益財団法人　かながわ考古学財団,2017
研究紀要23　かながわの考古学,23,,公益財団法人　かながわ考古学財団,2018
研究紀要24　かながわの考古学,24,,公益財団法人　かながわ考古学財団,2019
研究紀要25　かながわの考古学,25,,公益財団法人　かながわ考古学財団,2020
研究紀要26　かながわの考古学,26,,公益財団法人　かながわ考古学財団,2021
研究紀要27　かながわの考古学,27,,公益財団法人　かながわ考古学財団,2022
研究紀要28　かながわの考古学,28,,公益財団法人　かながわ考古学財団,2023
研究紀要29　かながわの考古学,29,,公益財団法人　かながわ考古学財団,2024
研究紀要30　かながわの考古学,30,,公益財団法人　かながわ考古学財団,2025
相武考古学研究所研究紀要　第1集,第1集,,相武考古学研究所,1990
相武考古学研究所研究紀要　第2集,第2集,,相武考古学研究所,1991
相武考古学研究所研究紀要　第3集,第3集,,相武考古学研究所,1992
川崎市市民ミュージアム　紀要　第２集,第2集,,川崎市市民ミュージアム,1989
横浜市歴史博物館　調査研究報告　第14号　横浜市内出土資料報告（弥生時代中期・宮ノ台式期）,,,横浜市歴史博物館,2018
川崎市文化財調査収録,26,川崎市教育委員会,川崎市教育委員会,1990
川崎市文化財調査収録,27,川崎市教育委員会,川崎市教育委員会,1991
川崎市文化財調査収録,28,川崎市教育委員会,川崎市教育委員会,1992
川崎市文化財調査収録,30,川崎市教育委員会,川崎市教育委員会,1994
川崎市文化財調査収録,31,川崎市教育委員会,川崎市教育委員会,1995
川崎市文化財調査収録,32,川崎市教育委員会,川崎市教育委員会,1996
川崎市文化財調査収録,33,川崎市教育委員会,川崎市教育委員会,1997
川崎市文化財調査収録,34,川崎市教育委員会,川崎市教育委員会,1998
川崎市文化財調査収録,35,川崎市教育委員会,川崎市教育委員会,1999
川崎市文化財調査収録,38,川崎市教育委員会,川崎市教育委員会,2002
川崎市文化財調査収録,39,川崎市教育委員会,川崎市教育委員会,2003
川崎市文化財調査収録,48,川崎市教育委員会,川崎市教育委員会,2013
川崎市文化財調査収録,49,川崎市教育委員会,川崎市教育委員会,2014
川崎市文化財調査収録,50,川崎市教育委員会,川崎市教育委員会,2016
図録・長津田遺跡群　横浜市緑区長津田町所在住宅・都市整備公団長津田地区特定土地区画整理事業に伴なう発掘調査の記録,,財団法人　かながわ考古学財団,財団法人　かながわ考古学財団,1997
神奈川県綾瀬市　吉岡遺跡群の発掘成果から―旧石器時代～近代の記録―,,財団法人　かながわ考古学財団,財団法人　かながわ考古学財団,1997
発掘されたいにしえの国府津　三ツ俣遺跡,,財団法人　かながわ考古学財団,財団法人　かながわ考古学財団,1999
長柄・桜山　第1・2号古墳　―新発見の大形前方後円墳の概要―,,財団法人　かながわ考古学財団,神奈川県教育委員会、財団法人　かながわ考古学財団,2000
新小倉橋関連遺跡　原東遺跡・川尻中村遺跡　図録,,財団法人　かながわ考古学財団,財団法人　かながわ考古学財団,2000
福田丙二ノ区遺跡　厚木基地の旧石器時代,,財団法人　かながわ考古学財団,財団法人　かながわ考古学財団,1999
江戸城石垣のふるさと　早川石丁場群　関白沢支群,,財団法人　かながわ考古学財団,財団法人　かながわ考古学財団,2007
資料集　神奈川大学大学院歴史民俗資料学研究科10年の歩み,,神奈川大学大学院歴史民俗資料学研究科,神奈川大学大学院歴史民俗資料学研究科,2004
研究紀要,1,,財団法人　新潟県埋蔵文化財調査事業団,1995
研究紀要,2,,財団法人　新潟県埋蔵文化財調査事業団,1998
研究紀要,3,,財団法人　新潟県埋蔵文化財調査事業団,2001
研究紀要,4,,財団法人　新潟県埋蔵文化財調査事業団,2003
研究紀要,5,,財団法人　新潟県埋蔵文化財調査事業団,2007
研究紀要,6,,財団法人　新潟県埋蔵文化財調査事業団,2013
研究紀要,7,,財団法人　新潟県埋蔵文化財調査事業団,2015
研究紀要,8,,財団法人　新潟県埋蔵文化財調査事業団,2017
研究紀要,15,,財団法人　新潟県埋蔵文化財調査事業団,2025
新潟県立歴史博物館研究紀要,創刊号,,新潟県立歴史博物館,2000
新潟県立歴史博物館研究紀要,2,,新潟県立歴史博物館,2001
新潟県立歴史博物館研究紀要,3,,新潟県立歴史博物館,2002
新潟県立歴史博物館研究紀要,4,,新潟県立歴史博物館,2003
長岡市立科学博物館研究報告,56,,長岡市立科学博物館,2021
長岡市立科学博物館研究報告,58,,長岡市立科学博物館,2023
研究紀要,1,,富山県立山博物館,1994
研究紀要,2,,富山県立山博物館,1995
研究紀要,3,,富山県立山博物館,1996
研究紀要,4,,富山県立山博物館,1997
研究紀要,5,,富山県立山博物館,1998
紀要　富山考古学研究,創刊号,,財団法人　富山県文化振興財団,1998
紀要　富山考古学研究,2,,財団法人　富山県文化振興財団,1999
紀要　富山考古学研究,3,,財団法人　富山県文化振興財団,2000
紀要　富山考古学研究,4,,財団法人　富山県文化振興財団,2001
紀要　富山考古学研究,5,,財団法人　富山県文化振興財団,2002
紀要　富山考古学研究,6,,財団法人　富山県文化振興財団,2003
紀要　富山考古学研究,7,,財団法人　富山県文化振興財団,2004
紀要　富山考古学研究,8,,財団法人　富山県文化振興財団,2005
紀要　富山考古学研究,9,,財団法人　富山県文化振興財団,2006
紀要　富山考古学研究,10,,財団法人　富山県文化振興財団,2007
紀要　富山考古学研究,11,,財団法人　富山県文化振興財団,2008
紀要　富山考古学研究,12,,財団法人　富山県文化振興財団,2009
紀要　富山考古学研究,13,,財団法人　富山県文化振興財団,2010
紀要　富山考古学研究,14,,財団法人　富山県文化振興財団,2011
紀要　富山考古学研究,15,,財団法人　富山県文化振興財団,2012
紀要　富山考古学研究,16,,財団法人　富山県文化振興財団,2013
紀要　富山考古学研究,17,,財団法人　富山県文化振興財団,2014
富山市考古資料館研究紀要,11,富山市考古資料館,富山市考古資料館,1992
富山市考古資料館研究紀要,12,富山市考古資料館,富山市考古資料館,1993
富山市考古資料館研究紀要,13,富山市考古資料館,富山市考古資料館,1993
富山市考古資料館研究紀要,14,富山市考古資料館,富山市考古資料館,1995
富山市考古資料館研究紀要,20,富山市考古資料館,富山市考古資料館,2001
富山市考古資料館研究紀要,21,富山市考古資料館,富山市考古資料館,2002
富山市考古資料館研究紀要,22,富山市考古資料館,富山市考古資料館,2003
富山市考古資料館研究紀要,23,富山市考古資料館,富山市考古資料館,2004
富山市考古資料館研究紀要,24,富山市考古資料館,富山市考古資料館,2005
富山市考古資料館研究紀要,25,富山市考古資料館,富山市考古資料館,2006
富山市考古資料館研究紀要,26,富山市考古資料館,富山市考古資料館,2007
富山市考古資料館研究紀要,27,富山市考古資料館,富山市考古資料館,2008
富山市考古資料館研究紀要,28,富山市考古資料館,富山市考古資料館,2009
富山市考古資料館研究紀要,29,富山市考古資料館,富山市考古資料館,2010
富山市考古資料館研究紀要,30,富山市考古資料館,富山市考古資料館,2011
富山市考古資料館研究紀要,32,富山市考古資料館,富山市考古資料館,2013
富山市考古資料館研究紀要,33,富山市考古資料館,富山市考古資料館,2014
富山市考古資料館研究紀要,34,富山市考古資料館,富山市考古資料館,2015
富山市考古資料館研究紀要,35,富山市考古資料館,富山市考古資料館,2016
富山市考古資料館研究紀要,36,富山市考古資料館,富山市考古資料館,2017
富山市考古資料館研究紀要,37,富山市考古資料館,富山市考古資料館,2018
富山市考古資料館研究紀要,39,富山市考古資料館,富山市考古資料館,2020
富山市考古資料館研究紀要,40,富山市考古資料館,富山市考古資料館,2021
富山市考古資料館研究紀要,41,富山市考古資料館,富山市考古資料館,2022
富山市考古資料館研究紀要,42,富山市考古資料館,富山市考古資料館,2023
富山市考古資料館研究紀要,44,富山市考古資料館,富山市考古資料館,2025
石川県立歴史博物館紀要,1,,石川県立歴史博物館,1988
石川県立歴史博物館紀要,2,,石川県立歴史博物館,1989
石川県立歴史博物館紀要,3,,石川県立歴史博物館,1990
石川県立歴史博物館紀要,4,,石川県立歴史博物館,1991
石川県立歴史博物館紀要,5,,石川県立歴史博物館,1992
石川県立歴史博物館紀要,6,,石川県立歴史博物館,1993
石川県立歴史博物館紀要,7,,石川県立歴史博物館,1994
石川県立歴史博物館紀要,9,,石川県立歴史博物館,1996
石川県立歴史博物館紀要,10,,石川県立歴史博物館,1997
石川県立歴史博物館紀要,11,,石川県立歴史博物館,1998
石川県立歴史博物館紀要,12,,石川県立歴史博物館,1999
石川県立歴史博物館紀要,13,,石川県立歴史博物館,2000
石川県立歴史博物館紀要,14,,石川県立歴史博物館,2002
石川県立歴史博物館紀要,15,,石川県立歴史博物館,2003
石川県立歴史博物館紀要,16,,石川県立歴史博物館,2004
石川県立歴史博物館紀要,17,,石川県立歴史博物館,2005
石川県立歴史博物館紀要,19,,石川県立歴史博物館,2007
小松市立博物館研究紀要,8,小松市立博物館,小松市立博物館,1973
朝倉氏遺跡資料館紀要,1983,,福井県立朝倉氏遺跡資料館,1983
朝倉氏遺跡資料館紀要,1984,,福井県立朝倉氏遺跡資料館,1984
朝倉氏遺跡資料館紀要,1985,,福井県立朝倉氏遺跡資料館,1985
朝倉氏遺跡資料館紀要,1986,,福井県立朝倉氏遺跡資料館,1986
朝倉氏遺跡資料館紀要,1987,,福井県立朝倉氏遺跡資料館,1987
朝倉氏遺跡資料館紀要,1988,,福井県立朝倉氏遺跡資料館,1988
朝倉氏遺跡資料館紀要,1989,,福井県立朝倉氏遺跡資料館,1989
朝倉氏遺跡資料館紀要,1990,,福井県立朝倉氏遺跡資料館,1990
朝倉氏遺跡資料館紀要,1991,,福井県立朝倉氏遺跡資料館,1991
一乗谷朝倉氏遺跡資料館紀要,1992,,福井県立一乗谷朝倉氏遺跡資料館,1992
一乗谷朝倉氏遺跡資料館紀要,1993,,福井県立一乗谷朝倉氏遺跡資料館,1993
一乗谷朝倉氏遺跡資料館紀要,1994,,福井県立一乗谷朝倉氏遺跡資料館,1994
一乗谷朝倉氏遺跡資料館紀要,1995,,福井県立一乗谷朝倉氏遺跡資料館,1995
一乗谷朝倉氏遺跡資料館紀要,1998,,福井県立一乗谷朝倉氏遺跡資料館,1998
一乗谷朝倉氏遺跡資料館紀要,1999,,福井県立一乗谷朝倉氏遺跡資料館,1999
一乗谷朝倉氏遺跡資料館紀要,2000,,福井県立一乗谷朝倉氏遺跡資料館,2000
一乗谷朝倉氏遺跡資料館紀要,2001,,福井県立一乗谷朝倉氏遺跡資料館,2001
一乗谷朝倉氏遺跡資料館紀要,2002,,福井県立一乗谷朝倉氏遺跡資料館,2002
一乗谷朝倉氏遺跡資料館紀要,2003,,福井県立一乗谷朝倉氏遺跡資料館,2003
一乗谷朝倉氏遺跡資料館紀要,2004,,福井県立一乗谷朝倉氏遺跡資料館,2004
一乗谷朝倉氏遺跡資料館紀要,2005,,福井県立一乗谷朝倉氏遺跡資料館,2005
一乗谷朝倉氏遺跡資料館紀要,2006,,福井県立一乗谷朝倉氏遺跡資料館,2006
一乗谷朝倉氏遺跡資料館紀要,2007,,福井県立一乗谷朝倉氏遺跡資料館,2007
一乗谷朝倉氏遺跡資料館紀要,2008,,福井県立一乗谷朝倉氏遺跡資料館,2008
一乗谷朝倉氏遺跡資料館紀要,2009,,福井県立一乗谷朝倉氏遺跡資料館,2009
一乗谷朝倉氏遺跡資料館紀要,2010,,福井県立一乗谷朝倉氏遺跡資料館,2010
一乗谷朝倉氏遺跡資料館紀要,2011,,福井県立一乗谷朝倉氏遺跡資料館,2011
一乗谷朝倉氏遺跡資料館紀要,2012,,福井県立一乗谷朝倉氏遺跡資料館,2012
一乗谷朝倉氏遺跡資料館紀要,2013,,福井県立一乗谷朝倉氏遺跡資料館,2013
一乗谷朝倉氏遺跡資料館紀要,2014,,福井県立一乗谷朝倉氏遺跡資料館,2014
一乗谷朝倉氏遺跡資料館紀要,2015,,福井県立一乗谷朝倉氏遺跡資料館,2015
一乗谷朝倉氏遺跡資料館紀要,2016,,福井県立一乗谷朝倉氏遺跡資料館,2016
一乗谷朝倉氏遺跡資料館紀要,2021,,福井県立一乗谷朝倉氏遺跡資料館,2021
一乗谷朝倉氏遺跡資料館紀要,2023,,福井県立一乗谷朝倉氏遺跡資料館,2024
福井県立博物館紀要,2,,福井県立博物館,1987
福井県立博物館紀要,3,,福井県立博物館,1989
福井県立博物館紀要,4,,福井県立博物館,1991
福井県立博物館紀要,5,,福井県立博物館,1993
福井県立博物館紀要,5,,福井県立博物館,1993
福井県立博物館紀要,6,,福井県立博物館,1998
福井県立博物館紀要,6,,福井県立博物館,1998
福井県立博物館紀要,7,,福井県立博物館,1998
鳥浜貝塚研究,1,,福井県立若狭歴史民俗資料館,1996
鳥浜貝塚研究,2,,鳥浜貝塚研究会,2000
鳥浜貝塚研究,3,,鳥浜貝塚研究会,2002
鳥浜貝塚研究,4・5,,鳥浜貝塚研究会,2005
鳥浜貝塚研究,6,,福井県立若狭歴史民俗資料館,2022
鯖江市まなべの館　館報,1,,福井県鯖江市教育委員会,2017
敦賀市歴史民俗資料館　紀要,創刊号,敦賀市歴史民俗資料館,敦賀市歴史民俗資料館,1986
研究紀要,1,山梨県立考古博物館・山梨県埋蔵文化財センター,山梨県立考古博物館・山梨県埋蔵文化財センター,1983
研究紀要,2,山梨県立考古博物館・山梨県埋蔵文化財センター,山梨県立考古博物館・山梨県埋蔵文化財センター,1985
研究紀要,4,山梨県立考古博物館・山梨県埋蔵文化財センター,山梨県立考古博物館・山梨県埋蔵文化財センター,1987
研究紀要,5,山梨県立考古博物館・山梨県埋蔵文化財センター,山梨県立考古博物館・山梨県埋蔵文化財センター,1990
研究紀要,6,山梨県立考古博物館・山梨県埋蔵文化財センター,山梨県立考古博物館・山梨県埋蔵文化財センター,1990
研究紀要,7,山梨県立考古博物館・山梨県埋蔵文化財センター,山梨県立考古博物館・山梨県埋蔵文化財センター,1991
研究紀要,8,山梨県立考古博物館・山梨県埋蔵文化財センター,山梨県立考古博物館・山梨県埋蔵文化財センター,1992
研究紀要 10周年記念論文集,9,山梨県立考古博物館・山梨県埋蔵文化財センター,山梨県立考古博物館・山梨県埋蔵文化財センター,1993
研究紀要,10,山梨県立考古博物館・山梨県埋蔵文化財センター,山梨県立考古博物館・山梨県埋蔵文化財センター,1994
研究紀要,11,山梨県立考古博物館・山梨県埋蔵文化財センター,山梨県立考古博物館・山梨県埋蔵文化財センター,1995
研究紀要,12,山梨県立考古博物館・山梨県埋蔵文化財センター,山梨県立考古博物館・山梨県埋蔵文化財センター,1996
研究紀要,13,山梨県立考古博物館・山梨県埋蔵文化財センター,山梨県立考古博物館・山梨県埋蔵文化財センター,1997
研究紀要,14,山梨県立考古博物館・山梨県埋蔵文化財センター,山梨県立考古博物館・山梨県埋蔵文化財センター,1998
研究紀要,15,山梨県立考古博物館・山梨県埋蔵文化財センター,山梨県立考古博物館・山梨県埋蔵文化財センター,1999
研究紀要,16,山梨県立考古博物館・山梨県埋蔵文化財センター,山梨県立考古博物館・山梨県埋蔵文化財センター,2000
研究紀要,17,山梨県立考古博物館・山梨県埋蔵文化財センター,山梨県立考古博物館・山梨県埋蔵文化財センター,2001
研究紀要,18,山梨県立考古博物館・山梨県埋蔵文化財センター,山梨県立考古博物館・山梨県埋蔵文化財センター,2002
研究紀要 20周年記念論文集,19,山梨県立考古博物館・山梨県埋蔵文化財センター,山梨県立考古博物館・山梨県埋蔵文化財センター,2003
研究紀要,20,山梨県立考古博物館・山梨県埋蔵文化財センター,山梨県立考古博物館・山梨県埋蔵文化財センター,2004
研究紀要,21,山梨県立考古博物館・山梨県埋蔵文化財センター,山梨県立考古博物館・山梨県埋蔵文化財センター,2005
研究紀要,22,山梨県立考古博物館・山梨県埋蔵文化財センター,山梨県立考古博物館・山梨県埋蔵文化財センター,2006
研究紀要,23,山梨県立考古博物館・山梨県埋蔵文化財センター,山梨県立考古博物館・山梨県埋蔵文化財センター,2007
研究紀要,24,山梨県立考古博物館・山梨県埋蔵文化財センター,山梨県立考古博物館・山梨県埋蔵文化財センター,2008
研究紀要,25,山梨県立考古博物館・山梨県埋蔵文化財センター,山梨県立考古博物館・山梨県埋蔵文化財センター,2009
研究紀要,26,山梨県立考古博物館・山梨県埋蔵文化財センター,山梨県立考古博物館・山梨県埋蔵文化財センター,2010
研究紀要,27,山梨県立考古博物館・山梨県埋蔵文化財センター,山梨県立考古博物館・山梨県埋蔵文化財センター,2011
研究紀要,28,山梨県立考古博物館・山梨県埋蔵文化財センター,山梨県立考古博物館・山梨県埋蔵文化財センター,2012
研究紀要,29,山梨県立考古博物館・山梨県埋蔵文化財センター,山梨県立考古博物館・山梨県埋蔵文化財センター,2013
研究紀要,30,山梨県立考古博物館・山梨県埋蔵文化財センター,山梨県立考古博物館・山梨県埋蔵文化財センター,2014
研究紀要,31,山梨県立考古博物館・山梨県埋蔵文化財センター,山梨県立考古博物館・山梨県埋蔵文化財センター,2015
研究紀要,32,山梨県立考古博物館・山梨県埋蔵文化財センター,山梨県立考古博物館・山梨県埋蔵文化財センター,2016
研究紀要,33,山梨県立考古博物館・山梨県埋蔵文化財センター,山梨県立考古博物館・山梨県埋蔵文化財センター,2017
研究紀要,34,山梨県立考古博物館・山梨県埋蔵文化財センター,山梨県立考古博物館・山梨県埋蔵文化財センター,2018
研究紀要,39,山梨県立考古博物館・山梨県埋蔵文化財センター,山梨県立考古博物館・山梨県埋蔵文化財センター,2023
八ヶ岳考古（平成８年度年報）,,,北巨摩市町村文化財担当者会,1996
八ヶ岳考古（平成９年度年報）,,,北巨摩市町村文化財担当者会,1997
八ヶ岳考古（平成１０年度年報）,,,北巨摩市町村文化財担当者会,1998
八ヶ岳考古（平成１１年度年報）,,,北巨摩市町村文化財担当者会,1999
八ヶ岳考古（平成１２年度年報）,,,北巨摩市町村文化財担当者会,2000
八ヶ岳考古（平成１３年度年報）,,,北巨摩市町村文化財担当者会,2001
八ヶ岳考古（平成１４年度年報）,,,北巨摩市町村文化財担当者会,2002
八ヶ岳考古（平成１５年度年報）,,,北巨摩市町村文化財担当者会,2003
福寺遺跡　埋蔵金貨及び渡来銭貨発見地点の発掘調査報告書,,,山梨県立博物館,2014
平出遺跡考古博物館ノート　信濃の縄紋文化,2,,塩尻市立博物館,1989
平出遺跡考古博物館ノート　鉄鐸の謎を探る,4,,塩尻市立博物館,1991
平出遺跡考古博物館ノート　古代・中世の祈りの世界,8,,塩尻市立博物館,1994
平出遺跡考古博物館ノート　書き換えられる歴史像　ー新発見の続出は何をもたらしたかー,9,,塩尻市立平出遺跡考古博物館,1995
平出博物館ノート　中世の戦・近世の騒動,10,,平出博物館,
平出博物館ノート　器は語る,11,,平出博物館,
平出博物館ノート　人の往来・物の往来,12,,平出博物館,
平出博物館ノート,13,,塩尻市立平出博物館,1999
平出博物館ノート,16,,塩尻市立平出博物館,2002
平出博物館ノート,17,,塩尻市立平出博物館,2003
平出博物館ノート,18,,塩尻市立平出博物館,2004
平出博物館ノート,19,,塩尻市立平出博物館,2005
平出博物館ノート,20,,塩尻市立平出博物館,2006
平出博物館ノート,21,,塩尻市立平出博物館,2007
平出博物館ノート,22,,塩尻市立平出博物館,2008
平出博物館ノート,23,,塩尻市立平出博物館,2009
平出博物館ノート,24,,塩尻市立平出博物館,2010
平出博物館ノート,25,,塩尻市立平出博物館,2011
平出博物館ノート,26,,塩尻市立平出博物館,2012
平出博物館ノート,27,,塩尻市立平出博物館,2013
平出博物館ノート,28,,塩尻市立平出博物館,2014
平出遺跡考古博物館歴史民俗資料館紀要,第11集,塩尻市立博物館,塩尻市立博物館,1994
平出遺跡考古博物館歴史民俗資料館紀要,第12集,塩尻市立博物館,塩尻市立博物館,1995
平出博物館紀要,第13集,塩尻市立博物館,塩尻市立博物館,1996
平出博物館紀要,第14集,塩尻市立平出博物館,塩尻市立平出博物館,1997
平出博物館紀要,第15集,塩尻市立平出博物館,塩尻市立平出博物館,1998
平出博物館紀要,第16集,塩尻市立平出博物館,塩尻市立平出博物館,1999
平出博物館紀要,第17集,塩尻市立平出博物館,塩尻市立平出博物館,2000
平出博物館紀要,第19集,塩尻市立平出博物館,塩尻市立平出博物館,2002
平出博物館紀要,第20集,塩尻市立平出博物館,塩尻市立平出博物館,2003
平出博物館紀要,第21集,塩尻市立平出博物館,塩尻市立平出博物館,2004
平出博物館紀要,第22集,塩尻市立平出博物館,塩尻市立平出博物館,2005
平出博物館紀要,第23集,塩尻市立平出博物館,塩尻市立平出博物館,2006
平出博物館紀要,第24集,塩尻市立平出博物館,塩尻市立平出博物館,2007
平出博物館紀要,第25集,塩尻市立平出博物館,塩尻市立平出博物館,2008
平出博物館紀要,第26集,塩尻市立平出博物館,塩尻市立平出博物館,2009
平出博物館紀要,第27集,塩尻市立平出博物館,塩尻市立平出博物館,2010
平出博物館紀要,第28集,塩尻市立平出博物館,塩尻市立平出博物館,2011
平出博物館紀要,第29集,塩尻市立平出博物館,塩尻市立平出博物館,2012
平出博物館紀要,第30集,塩尻市立平出博物館,塩尻市立平出博物館,2013
平出博物館紀要,第31集,塩尻市立平出博物館,塩尻市立平出博物館,2014
丸子町郷土博物館,,丸子町郷土博物館,丸子町郷土博物館,1983
塩尻の遺跡と遺物,,塩尻市立平出遺跡考古博物館,塩尻市立平出遺跡考古博物館,1992
長野県埋蔵文化財センター紀要,2,,長野県埋蔵文化財センター,1988
長野県埋蔵文化財センター紀要,3,,長野県埋蔵文化財センター,1989
長野県埋蔵文化財センター紀要,4,,長野県埋蔵文化財センター,1995
長野県埋蔵文化財センター紀要,5,,長野県埋蔵文化財センター,1996
長野県埋蔵文化財センター紀要,6,,長野県埋蔵文化財センター,1997
長野県埋蔵文化財センター紀要,7,,長野県埋蔵文化財センター,1999
長野県埋蔵文化財センター紀要,8,,長野県埋蔵文化財センター,2000
長野県埋蔵文化財センター紀要,9,,長野県埋蔵文化財センター,2002
長野県立歴史館研究紀要,1,,長野県立歴史館,1995
長野県立歴史館研究紀要,2,,長野県立歴史館,1996
長野県立歴史館研究紀要,3,,長野県立歴史館,1997
長野県立歴史館研究紀要,5,,長野県立歴史館,1999
長野県立歴史館研究紀要,6,,長野県立歴史館,2000
長野県立歴史館研究紀要,7,,長野県立歴史館,2001
長野県立歴史館研究紀要,8,,長野県立歴史館,2002
長野県立歴史館研究紀要,9,,長野県立歴史館,2003
長野県立歴史館研究紀要,10,,長野県立歴史館,2004
長野県立歴史館研究紀要,11,,長野県立歴史館,2005
長野県立歴史館研究紀要,13,,長野県立歴史館,2007
長野県立歴史館研究紀要,14,,長野県立歴史館,2008
長野県立歴史館研究紀要,15,,長野県立歴史館,2009
長野県立歴史館研究紀要,16,,長野県立歴史館,2010
長野県立歴史館研究紀要,17,,長野県立歴史館,2011
長野県立歴史館研究紀要,18,,長野県立歴史館,2012
長野県立歴史館研究紀要,19,,長野県立歴史館,2013
長野県立歴史館研究紀要,20,,長野県立歴史館,2014
長野県立歴史館研究紀要,22,,長野県立歴史館,2016
長野県立歴史館研究紀要,23,,長野県立歴史館,2017
長野県立歴史館研究紀要,25,,長野県立歴史館,2019
長野県立歴史館研究紀要,29,,長野県立歴史館,2023
浜松市博物館報,1,浜松市博物館,浜松市博物館,1989
浜松市博物館報,2,浜松市博物館,浜松市博物館,1990
浜松市博物館報,3,浜松市博物館,浜松市博物館,1991
浜松市博物館報,4,浜松市博物館,浜松市博物館,1992
浜松市博物館報,5,浜松市博物館,浜松市博物館,1993
浜松市博物館報,6,浜松市博物館,浜松市博物館,1994
浜松市博物館報,7,浜松市博物館,浜松市博物館,1995
浜松市博物館報,8,浜松市博物館,浜松市博物館,1996
浜松市博物館報,9,浜松市博物館,浜松市博物館,1997
浜松市博物館報,10,浜松市博物館,浜松市博物館,1998
浜松市博物館報,11,浜松市博物館,浜松市博物館,1998
浜松市博物館報,12,浜松市博物館,浜松市博物館,1999
浜松市博物館報,13,浜松市博物館,浜松市博物館,2000
浜松市博物館報,14,浜松市博物館,浜松市博物館,2001
浜松市博物館報,15,浜松市博物館,浜松市博物館,2002
浜松市博物館報,16,浜松市博物館,浜松市博物館,2003
浜松市博物館報,17,浜松市博物館,浜松市博物館,2005
浜松市博物館報,19,浜松市博物館,浜松市博物館,2006
浜松市博物館報,20,浜松市博物館,浜松市博物館,2007
浜松市博物館報,21,浜松市博物館,浜松市博物館,2008
浜松市博物館報,22,浜松市博物館,浜松市博物館,2009
浜松市博物館報,23,浜松市博物館,浜松市博物館,2010
浜松市博物館報,24,浜松市博物館,浜松市博物館,2011
浜松市博物館報,25,浜松市博物館,浜松市博物館,2012
浜松市博物館報,26,浜松市博物館,浜松市博物館,2013
浜松市博物館報,27,浜松市博物館,浜松市博物館,2014
浜松市博物館報,28,浜松市博物館,浜松市博物館,2016
浜松市博物館報,29,浜松市博物館,浜松市博物館,2016
浜松市博物館報,32,浜松市博物館,浜松市博物館,2019
浜松市博物館報,33,浜松市博物館,浜松市博物館,2020
浜松市博物館報,35,浜松市博物館,浜松市博物館,2025
浜松市博物館報,37,浜松市博物館,浜松市博物館,2022
研究紀要,1,静岡県埋蔵文化財調査研究所,みどり美術印刷株式会社,1986
研究紀要,2,静岡県埋蔵文化財調査研究所,みどり美術印刷株式会社,1987
研究紀要,3,静岡県埋蔵文化財調査研究所,みどり美術印刷株式会社,1990
研究紀要,4,静岡県埋蔵文化財調査研究所,みどり美術印刷株式会社,1993
研究紀要,5,静岡県埋蔵文化財調査研究所,みどり美術印刷株式会社,1997
研究紀要,6,静岡県埋蔵文化財調査研究所,みどり美術印刷株式会社,1998
研究紀要,7,静岡県埋蔵文化財調査研究所,みどり美術印刷株式会社,2000
研究紀要,8,静岡県埋蔵文化財調査研究所,みどり美術印刷株式会社,2001
研究紀要,9,静岡県埋蔵文化財調査研究所,みどり美術印刷株式会社,2002
研究紀要,10,静岡県埋蔵文化財調査研究所,みどり美術印刷株式会社,2003
研究紀要,11,静岡県埋蔵文化財調査研究所,みどり美術印刷株式会社,2005
研究紀要,12,静岡県埋蔵文化財調査研究所,みどり美術印刷株式会社,2006
研究紀要,13,静岡県埋蔵文化財調査研究所,みどり美術印刷株式会社,2007
研究紀要,14,静岡県埋蔵文化財調査研究所,みどり美術印刷株式会社,2008
研究紀要,15,静岡県埋蔵文化財調査研究所,みどり美術印刷株式会社,2009
研究紀要,16,静岡県埋蔵文化財調査研究所,みどり美術印刷株式会社,2010
研究紀要,17,静岡県埋蔵文化財調査研究所,みどり美術印刷株式会社,2011
研究紀要,1,静岡県埋蔵文化財センター,みどり美術印刷株式会社,2012
研究紀要,4,静岡県埋蔵文化財センター,みどり美術印刷株式会社,2015
研究紀要,5,静岡県埋蔵文化財センター,みどり美術印刷株式会社,2016
研究紀要,6,静岡県埋蔵文化財センター,みどり美術印刷株式会社,2017
館報,25,静岡市立登呂博物館,池田屋印刷株式会社,2019
沼津市博物館紀要,12,沼津市歴史民俗資料館・沼津市明治資料館,みどり美術印刷株式会社,1988
沼津市博物館紀要,13,沼津市歴史民俗資料館・沼津市明治資料館,みどり美術印刷株式会社,1989
沼津市博物館紀要,14,沼津市歴史民俗資料館・沼津市明治資料館,みどり美術印刷株式会社,1990
沼津市博物館紀要,15,沼津市歴史民俗資料館・沼津市明治資料館,みどり美術印刷株式会社,1991
沼津市博物館紀要,16,沼津市歴史民俗資料館・沼津市明治資料館,みどり美術印刷株式会社,1992
沼津市博物館紀要,17,沼津市歴史民俗資料館・沼津市明治資料館,みどり美術印刷株式会社,1993
沼津市博物館紀要,18,沼津市歴史民俗資料館・沼津市明治資料館,みどり美術印刷株式会社,1994
沼津市博物館紀要,19,沼津市歴史民俗資料館・沼津市明治資料館,みどり美術印刷株式会社,1995
沼津市博物館紀要,20,沼津市歴史民俗資料館・沼津市明治資料館,みどり美術印刷株式会社,1996
沼津市博物館紀要,21,沼津市歴史民俗資料館・沼津市明治資料館,みどり美術印刷株式会社,1997
沼津市博物館紀要,22,沼津市歴史民俗資料館・沼津市明治資料館,みどり美術印刷株式会社,1998
沼津市博物館紀要,23,沼津市歴史民俗資料館・沼津市明治資料館,みどり美術印刷株式会社,1999
沼津市博物館紀要,24,沼津市歴史民俗資料館・沼津市明治資料館,みどり美術印刷株式会社,2000
沼津市博物館紀要,25,沼津市歴史民俗資料館・沼津市明治資料館,みどり美術印刷株式会社,2001
沼津市博物館紀要,29,沼津市歴史民俗資料館・沼津市明治資料館,みどり美術印刷株式会社,2005
沼津市博物館紀要,30,沼津市歴史民俗資料館・沼津市明治資料館,みどり美術印刷株式会社,2006
沼津市博物館紀要,31,沼津市歴史民俗資料館・沼津市明治資料館,みどり美術印刷株式会社,2007
沼津市博物館紀要,32,沼津市歴史民俗資料館・沼津市明治資料館,みどり美術印刷株式会社,2008
沼津市博物館紀要,33,沼津市歴史民俗資料館・沼津市明治資料館,みどり美術印刷株式会社,2009
沼津市博物館紀要,34,沼津市歴史民俗資料館・沼津市明治資料館,みどり美術印刷株式会社,2010
沼津市博物館紀要,35,沼津市歴史民俗資料館・沼津市明治資料館,みどり美術印刷株式会社,2011
沼津市博物館紀要,36,沼津市歴史民俗資料館・沼津市明治資料館,みどり美術印刷株式会社,2012
沼津市博物館紀要,37,沼津市歴史民俗資料館・沼津市明治資料館,みどり美術印刷株式会社,2013
沼津市博物館紀要,38,沼津市歴史民俗資料館・沼津市明治資料館,みどり美術印刷株式会社,2014
沼津市博物館紀要,39,沼津市歴史民俗資料館・沼津市明治資料館,みどり美術印刷株式会社,2015
沼津市博物館紀要,41,沼津市歴史民俗資料館・沼津市明治資料館,みどり美術印刷株式会社,2017
菊川市文化財年報,16,静岡県菊川市教育委員会,静岡県菊川市教育委員会,2022
菊川市文化財年報,17,静岡県菊川市教育委員会,静岡県菊川市教育委員会,2023
浜松市埋蔵文化財包蔵地台帳,2,浜松市郷土博物館,浜松市教育委員会,1963
考古学研究室調査研究集報,2014,静岡大学人文社会科学部考古学研究室,静岡大学人文社会科学部考古学研究室,2015
考古学研究室調査研究集報,2017,静岡大学人文社会科学部考古学研究室,静岡大学人文社会科学部考古学研究室,2018
考古学研究室調査研究集報,2018,静岡大学人文社会科学部考古学研究室,静岡大学人文社会科学部考古学研究室,2019
考古学研究室調査研究集報,2019,静岡大学人文社会科学部考古学研究室,静岡大学人文社会科学部考古学研究室,2020
考古学研究室調査研究集報,2020,静岡大学人文社会科学部考古学研究室,静岡大学人文社会科学部考古学研究室,2021
岐阜県博物館調査研究報告,34,岐阜県博物館,岐阜県博物館,2013
岐阜県博物館調査研究報告,43,岐阜県博物館,岐阜県博物館,2023
岐阜県博物館調査研究報告,44,岐阜県博物館,,2024
岐阜県博物館報,34,岐阜県博物館,岐阜県博物館,2011
岐阜県博物館報,36,岐阜県博物館,岐阜県博物館,2013
岐阜県博物館報,46,岐阜県博物館,岐阜県博物館,2023
岐阜県博物館報,47,岐阜県博物館,岐阜県博物館,2024
研究紀要,3,岐阜市歴史博物館,岐阜市歴史博物館,1989
研究紀要,4,岐阜市歴史博物館,岐阜市歴史博物館,1990
研究紀要,5,岐阜市歴史博物館,岐阜市歴史博物館,1991
研究紀要,6,岐阜市歴史博物館,岐阜市歴史博物館,1992
研究紀要,11,岐阜市歴史博物館,岐阜市歴史博物館,1997
研究紀要,1,豊蔵資料館,豊蔵資料館,1989
美濃加茂市民ミュージアム　紀要,14,美濃加茂市民ミュージアム,美濃加茂市民ミュージアム,2015
美濃加茂市民ミュージアム　紀要,15,美濃加茂市民ミュージアム,美濃加茂市民ミュージアム,2016
美濃加茂市民ミュージアム　紀要,17,美濃加茂市民ミュージアム,美濃加茂市民ミュージアム,2018
研究紀要,,三重県埋蔵文化財センター,三重県埋蔵文化財センター,
研究紀要,,三重県埋蔵文化財センター,三重県埋蔵文化財センター,
研究紀要,,三重県埋蔵文化財センター,三重県埋蔵文化財センター,
研究紀要,,三重県埋蔵文化財センター,三重県埋蔵文化財センター,
研究紀要,,三重県埋蔵文化財センター,三重県埋蔵文化財センター,
研究紀要,,三重県埋蔵文化財センター,三重県埋蔵文化財センター,
研究紀要,,三重県埋蔵文化財センター,三重県埋蔵文化財センター,
研究紀要,,三重県埋蔵文化財センター,三重県埋蔵文化財センター,
研究紀要,,三重県埋蔵文化財センター,三重県埋蔵文化財センター,
研究紀要,,三重県埋蔵文化財センター,三重県埋蔵文化財センター,
研究紀要,,三重県埋蔵文化財センター,三重県埋蔵文化財センター,
研究紀要,,三重県埋蔵文化財センター,三重県埋蔵文化財センター,
研究紀要,,三重県埋蔵文化財センター,三重県埋蔵文化財センター,
研究紀要,,三重県埋蔵文化財センター,三重県埋蔵文化財センター,
研究紀要,,三重県埋蔵文化財センター,三重県埋蔵文化財センター,
研究紀要,,三重県埋蔵文化財センター,三重県埋蔵文化財センター,
研究紀要,,三重県埋蔵文化財センター,三重県埋蔵文化財センター,
研究紀要,,三重県埋蔵文化財センター,三重県埋蔵文化財センター,
研究紀要,,三重県埋蔵文化財センター,三重県埋蔵文化財センター,
研究紀要,,三重県埋蔵文化財センター,三重県埋蔵文化財センター,
研究紀要,,三重県埋蔵文化財センター,三重県埋蔵文化財センター,
研究紀要,,三重県埋蔵文化財センター,三重県埋蔵文化財センター,
研究紀要,,三重県埋蔵文化財センター,三重県埋蔵文化財センター,
研究紀要,,三重県埋蔵文化財センター,三重県埋蔵文化財センター,
研究紀要,,三重県埋蔵文化財センター,三重県埋蔵文化財センター,
研究紀要,27,三重県埋蔵文化財センター,三重県埋蔵文化財センター,2023
斎宮歴史博物館研究紀要,2,斎宮歴史博物館,斎宮歴史博物館,1993
斎宮歴史博物館研究紀要,3,斎宮歴史博物館,斎宮歴史博物館,1994
斎宮歴史博物館研究紀要,4,斎宮歴史博物館,斎宮歴史博物館,1995
斎宮歴史博物館研究紀要,5,斎宮歴史博物館,斎宮歴史博物館,1996
斎宮歴史博物館研究紀要,6,斎宮歴史博物館,斎宮歴史博物館,1997
斎宮歴史博物館研究紀要,7,斎宮歴史博物館,斎宮歴史博物館,1998
斎宮歴史博物館研究紀要,8,斎宮歴史博物館,斎宮歴史博物館,1999
斎宮歴史博物館研究紀要,9,斎宮歴史博物館,斎宮歴史博物館,2000
斎宮歴史博物館研究紀要,10,斎宮歴史博物館,斎宮歴史博物館,2001
斎宮歴史博物館研究紀要,11,斎宮歴史博物館,斎宮歴史博物館,2002
鈴鹿市考古博物館年報,2,鈴鹿市考古博物館,鈴鹿市考古博物館,2001
鈴鹿市考古博物館年報,7,鈴鹿市考古博物館,鈴鹿市考古博物館,2006
鈴鹿市考古博物館年報,8,鈴鹿市考古博物館,鈴鹿市考古博物館,2007
鈴鹿市考古博物館年報,9,鈴鹿市考古博物館,鈴鹿市考古博物館,2007
鈴鹿市考古博物館年報,25,鈴鹿市考古博物館,鈴鹿市考古博物館,2024
三重県の古瓦,,三重県の古瓦刊行会,三重県の古瓦刊行会,1996
紀要,1,滋賀県文化財保護協会,滋賀県文化財保護協会,1988
紀要,2,滋賀県文化財保護協会,滋賀県文化財保護協会,1989
紀要,3,滋賀県文化財保護協会,滋賀県文化財保護協会,1990
紀要,4,滋賀県文化財保護協会,滋賀県文化財保護協会,1991
紀要,5,滋賀県文化財保護協会,滋賀県文化財保護協会,1992
紀要,6,滋賀県文化財保護協会,滋賀県文化財保護協会,1993
紀要,7,滋賀県文化財保護協会,滋賀県文化財保護協会,1994
紀要,8,滋賀県文化財保護協会,滋賀県文化財保護協会,1995
紀要,9,滋賀県文化財保護協会,滋賀県文化財保護協会,1996
紀要,10,滋賀県文化財保護協会,滋賀県文化財保護協会,1997
紀要,11,滋賀県文化財保護協会,滋賀県文化財保護協会,1998
紀要,12,滋賀県文化財保護協会,滋賀県文化財保護協会,1999
紀要,13,滋賀県文化財保護協会,滋賀県文化財保護協会,2000
紀要,14,滋賀県文化財保護協会,滋賀県文化財保護協会,2001
紀要,15,滋賀県文化財保護協会,滋賀県文化財保護協会,2002
紀要,16,滋賀県文化財保護協会,滋賀県文化財保護協会,2003
紀要,17,滋賀県文化財保護協会,滋賀県文化財保護協会,2004
紀要,18,滋賀県文化財保護協会,滋賀県文化財保護協会,2005
紀要,19,滋賀県文化財保護協会,滋賀県文化財保護協会,2006
紀要,20,滋賀県文化財保護協会,滋賀県文化財保護協会,2007
紀要,21,滋賀県文化財保護協会,滋賀県文化財保護協会,2008
紀要,22,滋賀県文化財保護協会,滋賀県文化財保護協会,2009
紀要,23,滋賀県文化財保護協会,滋賀県文化財保護協会,2010
紀要　設立40周年記念号,24,滋賀県文化財保護協会,滋賀県文化財保護協会,2011
紀要,25,滋賀県文化財保護協会,滋賀県文化財保護協会,2012
紀要,26,滋賀県文化財保護協会,滋賀県文化財保護協会,2013
紀要,28,滋賀県文化財保護協会,滋賀県文化財保護協会,2015
紀要,29,滋賀県文化財保護協会,滋賀県文化財保護協会,2016
紀要,30,滋賀県文化財保護協会,滋賀県文化財保護協会,2017
紀要,31,滋賀県文化財保護協会,滋賀県文化財保護協会,2018
紀要,32,滋賀県文化財保護協会,滋賀県文化財保護協会,2019
紀要,38,滋賀県文化財保護協会,滋賀県文化財保護協会,2025
紀要,1,安土城考古博物館,安土城考古博物館,1993
紀要,2,安土城考古博物館,安土城考古博物館,1994
紀要,21,安土城考古博物館,安土城考古博物館,2013
紀要,22,安土城考古博物館,安土城考古博物館,2014
紀要,23,安土城考古博物館,安土城考古博物館,2015
紀要,24,安土城考古博物館,安土城考古博物館,2017
紀要,26・27,安土城考古博物館,安土城考古博物館,2020
紀要,28,安土城考古博物館,安土城考古博物館,2021
紀要,29,安土城考古博物館,安土城考古博物館,2022
紀要,31,安土城考古博物館,安土城考古博物館,2024
平成２８年度年報,,安土城考古博物館,安土城考古博物館,2017
平成３１年度・令和元年度年報,,安土城考古博物館,安土城考古博物館,2018
令和２年度年報,,安土城考古博物館,安土城考古博物館,2019
令和３年度年報,,安土城考古博物館,安土城考古博物館,2020
令和５年度年報,,安土城考古博物館,安土城考古博物館,2024
研究紀要,1,滋賀県安土城郭調査研究所,滋賀県安土城郭調査研究所,1993
研究紀要,2,滋賀県安土城郭調査研究所,滋賀県安土城郭調査研究所,1994
研究紀要,3,滋賀県安土城郭調査研究所,滋賀県安土城郭調査研究所,1995
研究紀要,14,滋賀県教育委員会,滋賀県教育委員会,2010
滋賀県埋蔵文化財センター紀要３,,滋賀県埋蔵文化財センター,滋賀県埋蔵文化財センター,1987
近江の考古と地理,,高橋美久二,滋賀県立大学人間文化学部考古学研究室,2006
日本始原文化の研究１　平安博物館研究紀要第１輯,,平安博物館,平安博物館,1970
平安文化の研究　平安博物館研究紀要第2輯,,平安博物館,平安博物館,1971
平安文化の研究２　平安博物館研究紀要　第３輯,,平安博物館,平安博物館,1971
平安博物館研究紀要　第５輯,,平安博物館,平安博物館,1974
朱萑,1,京都文化博物館,,1988
朱萑,3,京都文化博物館,,1990
朱萑,4,京都文化博物館,,1991
朱萑,5,京都文化博物館,,1992
朱萑,6,京都文化博物館,,1993
朱萑,7,京都文化博物館,,1994
朱萑,8,京都文化博物館,,1995
朱萑,9,京都文化博物館,,1997
朱萑,10,京都文化博物館,,1998
朱萑,11,京都文化博物館,,1999
朱萑,12,京都文化博物館,,2000
朱萑,13,京都文化博物館,,2001
朱萑,14,京都文化博物館,,2002
朱萑,15,京都文化博物館,,2003
朱萑,16,京都文化博物館,,2004
朱萑,17,京都文化博物館,,2005
朱萑,18,京都文化博物館,,2006
朱萑,19,京都文化博物館,,2007
朱萑,20,京都文化博物館,,2008
朱萑,22,京都文化博物館,,2010
朱萑,23,京都文化博物館,,2011
朱萑,24,京都文化博物館,,2012
朱萑,25,京都文化博物館,,2013
朱萑,26,京都文化博物館,,2014
朱萑,28,京都文化博物館,,2016
朱萑,34,京都文化博物館,,2022
朱萑,35,京都文化博物館,,2023
朱萑,36,京都文化博物館,,2024
京都市考古資料館　考古学アラカルト,9-70,京都市考古資料館,京都市考古資料館,1990-1994
京都市考古資料館　文化財講座資料,"26,30,37-48,51-76",京都市考古資料館,京都市考古資料館,1989-1994
京都大学構内遺跡調査研究年報,昭和51年度,"京都大学農学部構内遺跡調査会　
京都大学理学部附属瀬戸臨海実験所構内遺跡調査会","京都大学農学部構内遺跡調査会　
京都大学理学部附属瀬戸臨海実験所構内遺跡調査会",1977
京都大学構内遺跡調査研究年報,昭和52年度,京都大学埋蔵文化財研究センター,京都大学埋蔵文化財研究センター,1978
京都大学構内遺跡調査研究年報,昭和53年度,京都大学埋蔵文化財研究センター,京都大学埋蔵文化財研究センター,1979
京都大学構内遺跡調査研究年報,昭和54年度,京都大学埋蔵文化財研究センター,京都大学埋蔵文化財研究センター,1980
京都大学構内遺跡調査研究年報,昭和55年度,京都大学埋蔵文化財研究センター,京都大学埋蔵文化財研究センター,1981
京都大学構内遺跡調査研究年報,昭和56年度,京都大学埋蔵文化財研究センター,京都大学埋蔵文化財研究センター,1982
京都大学構内遺跡調査研究年報,昭和57年度,京都大学埋蔵文化財研究センター,京都大学埋蔵文化財研究センター,1983
京都大学構内遺跡調査研究年報,昭和58年度,京都大学埋蔵文化財研究センター,京都大学埋蔵文化財研究センター,1984
京都大学構内遺跡調査研究年報,昭和60年度,京都大学埋蔵文化財研究センター,京都大学埋蔵文化財研究センター,1985
京都大学構内遺跡調査研究年報,1986年度,京都大学埋蔵文化財研究センター,京都大学埋蔵文化財研究センター,1986
京都大学構内遺跡調査研究年報,1987年度,京都大学埋蔵文化財研究センター,京都大学埋蔵文化財研究センター,1990
京都大学構内遺跡調査研究年報,1988年度,京都大学埋蔵文化財研究センター,京都大学埋蔵文化財研究センター,1992
京都大学構内遺跡調査研究年報,1989〜91年度,京都大学埋蔵文化財研究センター,京都大学埋蔵文化財研究センター,1993
京都大学構内遺跡調査研究年報,1992年度,京都大学埋蔵文化財研究センター,京都大学埋蔵文化財研究センター,1995
京都大学構内遺跡調査研究年報,1993年度,京都大学埋蔵文化財研究センター,京都大学埋蔵文化財研究センター,1997
京都大学構内遺跡調査研究年報,1994年度,京都大学埋蔵文化財研究センター,京都大学埋蔵文化財研究センター,1998
京都大学構内遺跡調査研究年報,1995年度,京都大学埋蔵文化財研究センター,京都大学埋蔵文化財研究センター,1999
京都大学構内遺跡調査研究年報,1996年度,京都大学埋蔵文化財研究センター,京都大学埋蔵文化財研究センター,2000
京都大学構内遺跡調査研究年報,1997・98年度,京都大学埋蔵文化財研究センター,京都大学埋蔵文化財研究センター,2002
京都大学構内遺跡調査研究年報,1999年度,京都大学埋蔵文化財研究センター,京都大学埋蔵文化財研究センター,2003
京都大学構内遺跡調査研究年報,2000年度,京都大学埋蔵文化財研究センター,京都大学埋蔵文化財研究センター,2005
京都大学構内遺跡調査研究年報 2001年度,,京都大学埋蔵文化財研究センター,,2006
京都大学構内遺跡調査研究年報 2002年度,,京都大学埋蔵文化財研究センター,,2007
京都大学構内遺跡調査研究年報 2003年度,,京都大学埋蔵文化財研究センター,,2008
京都大学構内遺跡調査研究年報 2004～2006年度,,京都大学埋蔵文化財総合研究センター,,2009
京都大学構内遺跡調査研究年報 2007年度,,京都大学埋蔵文化財総合研究センター,,2010
京都大学構内遺跡調査研究年報 2008年度,,京都大学埋蔵文化財総合研究センター,,2011
京都大学構内遺跡調査研究年報 2009年度,,京都大学埋蔵文化財総合研究センター,,2012
京都大学構内遺跡調査研究年報 2010年度,,京都大学埋蔵文化財総合研究センター,,2013
京都大学構内遺跡調査研究年報 2011・2012年度,,京都大学埋蔵文化財総合研究センター,,2014
京都大学構内遺跡調査研究年報 2013年度,,京都大学埋蔵文化財総合研究センター,,2015
京都大学構内遺跡調査研究年報 2014年度,,京都大学埋蔵文化財総合研究センター,,2016
京都大学構内遺跡調査研究年報 2015年度,,京都大学埋蔵文化財総合研究センター,,2017
京都大学構内遺跡調査研究年報 2016年度,,京都大学埋蔵文化財総合研究センター,,2018
京都大学構内遺跡調査研究年報 2017年度,,京都大学埋蔵文化財総合研究センター,,2019
京都大学構内遺跡調査研究年報 2018年度,,京都大学大学院文学研究科附属文化遺産学・人文知連携センター 京大文化遺産調査活用部門,,2020
京都大学構内遺跡調査研究年報 2019年度,,京都大学大学院文学研究科附属文化遺産学・人文知連携センター 京大文化遺産調査活用部門,,2021
京都大学構内遺跡調査研究年報 2020年度,,京都大学大学院文学研究科附属文化遺産学・人文知連携センター 京大文化遺産調査活用部門,,2022
京都大学構内遺跡調査研究年報 2024年度,,京都大学大学院文学研究科附属文化遺産学・人文知連携センター 京大文化遺産調査活用部門,,2024
京都市考古資料館年報 昭和60・61年度,,京都市考古資料館,,1987
京都市考古資料館年報 昭和62・63年度,,京都市考古資料館,,1991
京都市考古資料館年報 平成元年・2年年度,,京都市考古資料館,,1991
京都市考古資料館年報 平成3年・4年年度,,京都市考古資料館,,1993
つちの中の京都,,財団法人 京都市埋蔵文化財研究所 京都市考古資料館,,1996
研究紀要,1,財団法人 京都市埋蔵文化財研究所,,1995
研究紀要,2,財団法人 京都市埋蔵文化財研究所,,1996
研究紀要,3,財団法人 京都市埋蔵文化財研究所,,1996
研究紀要,4,財団法人 京都市埋蔵文化財研究所,,1998
研究紀要,5,財団法人 京都市埋蔵文化財研究所,,1999
研究紀要,6,財団法人 京都市埋蔵文化財研究所,,2000
研究紀要,7,財団法人 京都市埋蔵文化財研究所,,2001
研究紀要,8,財団法人 京都市埋蔵文化財研究所,,2002
研究紀要,9,財団法人 京都市埋蔵文化財研究所,,2004
研究紀要,10,財団法人 京都市埋蔵文化財研究所,,2007
洛史 研究紀要,11,公益財団法人 京都市埋蔵文化財研究所,,2017
洛史 研究紀要,12,公益財団法人 京都市埋蔵文化財研究所,,2019
洛史 研究紀要,13,公益財団法人 京都市埋蔵文化財研究所,,2022
同志社大学歴史資料館 館報,22,同志社大学歴史資料館,,2020
同志社大学歴史資料館 館報,23,同志社大学歴史資料館,,2020
同志社大学歴史資料館 館報,27,同志社大学歴史資料館,,2025
向日市文化資料館 研究紀要,1,向日市文化資料館,,1986
向日市文化資料館 研究紀要,2,向日市文化資料館,,1987
向日市文化資料館 研究紀要,4,向日市文化資料館,,1989
研究紀要,1,大阪市文化財協会,大阪市文化財協会,1998
研究紀要,2,大阪市文化財協会,大阪市文化財協会,1999
研究紀要,3,大阪市文化財協会,大阪市文化財協会,2000
研究紀要,4,大阪市文化財協会,大阪市文化財協会,2001
研究紀要,13,大阪市文化財協会,大阪市文化財協会,2011
研究紀要,14,大阪市文化財協会,大阪市文化財協会,2013
研究紀要,15,大阪市文化財協会,大阪市文化財協会,2013
研究紀要,16,大阪市文化財協会,大阪市文化財協会,2015
研究紀要,17,大阪市文化財協会,大阪市文化財協会,2016
研究紀要,18,大阪市文化財協会,大阪市文化財協会,2017
研究紀要,19,大阪市文化財協会,大阪市文化財協会,2018
研究紀要,21,大阪市文化財協会,大阪市文化財協会,2020
研究紀要,23,大阪市文化財協会,大阪市文化財協会,2022
研究紀要,24,大阪市文化財協会,大阪市文化財協会,2023
大阪文化財研究,1,財団法人大阪府文化財センター,財団法人大阪府文化財センター,1991
大阪文化財研究,2,財団法人大阪府文化財センター,財団法人大阪府文化財センター,1991
大阪文化財研究,3,財団法人大阪府文化財センター,財団法人大阪府文化財センター,1992
大阪文化財研究 -20周年記念増刊号-,,財団法人大阪府文化財センター,財団法人大阪府文化財センター,1992
大阪文化財研究,4,財団法人大阪府文化財センター,財団法人大阪府文化財センター,1993
大阪文化財研究,5,財団法人大阪府文化財センター,財団法人大阪府文化財センター,1993
大阪文化財研究,6,財団法人大阪府文化財センター,財団法人大阪府文化財センター,1994
大阪文化財研究,34,財団法人大阪府文化財センター,財団法人大阪府文化財センター,2009
大阪文化財研究,35,財団法人大阪府文化財センター,財団法人大阪府文化財センター,2009
大阪文化財研究,37,財団法人大阪府文化財センター,財団法人大阪府文化財センター,2010
大阪文化財研究,38,財団法人大阪府文化財センター,財団法人大阪府文化財センター,2011
大阪文化財研究,39,財団法人大阪府文化財センター,財団法人大阪府文化財センター,2011
大阪文化財研究,42,財団法人大阪府文化財センター,財団法人大阪府文化財センター,2013
大阪文化財研究,48,財団法人大阪府文化財センター,財団法人大阪府文化財センター,2016
大阪文化財研究,49,財団法人大阪府文化財センター,財団法人大阪府文化財センター,2016
大阪文化財研究,50,財団法人大阪府文化財センター,財団法人大阪府文化財センター,2017
大阪文化財研究,51,財団法人大阪府文化財センター,財団法人大阪府文化財センター,2018
大阪文化財研究,52,財団法人大阪府文化財センター,財団法人大阪府文化財センター,2019
大阪文化財研究,57,財団法人大阪府文化財センター,財団法人大阪府文化財センター,2023
紀要Ⅰ,,東大阪市文化財協会,,1985
大阪市立美術館紀要,4,大阪市立美術館,大阪市立美術館,1984
大阪市立美術館紀要,5,大阪市立美術館,大阪市立美術館,1985
大阪市立美術館紀要,9,大阪市立美術館,大阪市立美術館,1989
大阪市立美術館紀要 龔開筆「駿骨図」,,大阪市立美術館,大阪市立美術館,1982
大阪市立大学文学部歴史学教室紀要,1,大阪市立大学文学部歴史学教室,大阪市立大学文学部歴史学教室,1953
,1〜8,大阪市立博物館,大阪市立博物館,1968〜1976
,9,大阪市立博物館,大阪市立博物館,1977
大阪市立博物館研究紀要,10,大阪市立博物館,大阪市立博物館,1978
大阪市立博物館研究紀要,11,大阪市立博物館,大阪市立博物館,1979
大阪市立博物館研究紀要,12,大阪市立博物館,大阪市立博物館,1980
大阪市立博物館研究紀要,13,大阪市立博物館,大阪市立博物館,1981
大阪市立博物館報,12,大阪市立博物館,大阪市立博物館,1973
大阪市立博物館報,13,大阪市立博物館,大阪市立博物館,1974
大阪市立博物館報,14,大阪市立博物館,大阪市立博物館,1975
大阪市立博物館報,15,大阪市立博物館,大阪市立博物館,1976
大阪市立博物館報,17,大阪市立博物館,大阪市立博物館,1978
大阪市立博物館報,18,大阪市立博物館,大阪市立博物館,1979
大阪市立博物館報,19,大阪市立博物館,大阪市立博物館,1980
大阪市立博物館報,20,大阪市立博物館,大阪市立博物館,1981
大阪市立博物館報,21,大阪市立博物館,大阪市立博物館,1982
大阪市立博物館報,22,大阪市立博物館,大阪市立博物館,1983
大阪市立博物館報,23,大阪市立博物館,大阪市立博物館,1984
大阪市立博物館報,24,大阪市立博物館,大阪市立博物館,1985
大阪市立博物館報,25,大阪市立博物館,大阪市立博物館,1986
大阪市立博物館報,26,大阪市立博物館,大阪市立博物館,1987
大阪市立博物館報,27,大阪市立博物館,大阪市立博物館,1988
大阪市立博物館報,28,大阪市立博物館,大阪市立博物館,1989
大阪市立博物館報,30,大阪市立博物館,大阪市立博物館,1991
大阪市立博物館報,34,大阪市立博物館,大阪市立博物館,1995
大阪市立博物館報,35,大阪市立博物館,大阪市立博物館,1996
大阪市立博物館報,36,大阪市立博物館,大阪市立博物館,1997
大阪市立博物館報,37,大阪市立博物館,大阪市立博物館,1998
大阪市立博物館報,38,大阪市立博物館,大阪市立博物館,1999
大阪市立博物館報,39,大阪市立博物館,大阪市立博物館,2000
大阪市立博物館報,40,大阪市立博物館,大阪市立博物館,2001
研究紀要,1,財団法人大阪文化財センター,財団法人大阪文化財センター,1993
研究紀要,2,大阪府埋蔵文化財協会,大阪府埋蔵文化財協会,1994
研究紀要,3,大阪府埋蔵文化財協会,大阪府埋蔵文化財協会,1995
大阪歴史博物館研究紀要,1,財団法人大阪市文化財協会,財団法人大阪市文化財協会,2002
大阪歴史博物館研究紀要,2,財団法人大阪市文化財協会,財団法人大阪市文化財協会,2003
大阪歴史博物館研究紀要,3,財団法人大阪市文化財協会,財団法人大阪市文化財協会,2004
大阪歴史博物館研究紀要,4,財団法人大阪市文化財協会,財団法人大阪市文化財協会,2005
大阪歴史博物館研究紀要,5,財団法人大阪市文化財協会,財団法人大阪市文化財協会,2006
大阪歴史博物館研究紀要,6,財団法人大阪市文化財協会,財団法人大阪市文化財協会,2007
大阪歴史博物館研究紀要,7,財団法人大阪市文化財協会,財団法人大阪市文化財協会,2008
大阪歴史博物館研究紀要,8,財団法人大阪市文化財協会,財団法人大阪市文化財協会,2010
和泉市久保惣記念美術館　25周年記念誌,,和泉市久保惣記念美術館,和泉市久保惣記念美術館,1982〜2007
共同研究成果報告書,6,大阪歴史博物館,大阪歴史博物館,2012
古代新羅土器と近世薬種業を中心に　成果報告書,,博物館国際交流拠点形成事業大阪市実行委員会,博物館国際交流拠点形成事業大阪市実行委員会,2010
八尾市文化財紀要,5,八尾市教育委員会文化財室,八尾市教育委員会文化財室,1991
大阪府立狭山池博物館研究報告,5,大阪府立狭山池博物館,大阪府立狭山池博物館,2008
大阪府立狭山池博物館研究報告,6,大阪府立狭山池博物館,大阪府立狭山池博物館,2009
大阪府立狭山池博物館研究報告,7,大阪府立狭山池博物館,大阪府立狭山池博物館,2011
大阪府立狭山池博物館研究報告,8,大阪府立狭山池博物館,大阪府立狭山池博物館,2014
大阪府立狭山池博物館研究報告,9,大阪府立狭山池博物館,大阪府立狭山池博物館,2018
大阪府立狭山池博物館研究報告,12,大阪府立狭山池博物館,大阪府立狭山池博物館,2021
大阪府立狭山池博物館研究報告,13,大阪府立狭山池博物館,大阪府立狭山池博物館,2023
大阪府立狭山池博物館研究報告,14,大阪府立狭山池博物館,大阪府立狭山池博物館,2024
大阪府立狭山池博物館研究報告,15,大阪府立狭山池博物館,大阪府立狭山池博物館,2025
北大阪ミュージアム・ネットワークの構築　事業実施報告書,,北大阪ミュージアム・ネットワーク実行委員会,北大阪ミュージアム・ネットワーク実行委員会,2007
北大阪ミュージアム・ネットワーク 地域産業と文化遺産　事業実施報告書,,北大阪ミュージアム・ネットワーク実行委員会,北大阪ミュージアム・ネットワーク実行委員会,2008
大阪市学芸員等共同研究「朝鮮半島と日本の相互交流に関する総合学術調査」,,大阪市学芸員等共同研究実行委員会,大阪市学芸員等共同研究実行委員会,2001
大阪市学芸員等共同研究「朝鮮半島と日本の相互交流に関する総合学術調査」,,大阪市学芸員等共同研究実行委員会,大阪市学芸員等共同研究実行委員会,2002
大阪市学芸員等共同研究「朝鮮半島と日本の相互交流に関する総合学術調査」,,大阪市学芸員等共同研究実行委員会,大阪市学芸員等共同研究実行委員会,2003
「日韓分化芸術交流史の解明と普及による芸術文化拠点形成事業」報告書,,芸術拠点形成事業大阪市実行委員会,芸術拠点形成事業大阪市実行委員会,2004
柏原市立歴史資料館館報,4,柏原市立歴史資料館,柏原市立歴史資料館,1993
柏原市立歴史資料館館報,5,柏原市立歴史資料館,柏原市立歴史資料館,1994
柏原市立歴史資料館館報,6,柏原市立歴史資料館,柏原市立歴史資料館,1995
柏原市立歴史資料館館報,7,柏原市立歴史資料館,柏原市立歴史資料館,1996
柏原市立歴史資料館館報,8,柏原市立歴史資料館,柏原市立歴史資料館,1997
柏原市立歴史資料館館報,9,柏原市立歴史資料館,柏原市立歴史資料館,1998
柏原市立歴史資料館館報,10,柏原市立歴史資料館,柏原市立歴史資料館,1998
柏原市立歴史資料館館報,11,柏原市立歴史資料館,柏原市立歴史資料館,1999
柏原市立歴史資料館館報,12,柏原市立歴史資料館,柏原市立歴史資料館,2001
柏原市立歴史資料館館報,13,柏原市立歴史資料館,柏原市立歴史資料館,2002
柏原市立歴史資料館館報,14,柏原市立歴史資料館,柏原市立歴史資料館,2003
柏原市立歴史資料館館報,15,柏原市立歴史資料館,柏原市立歴史資料館,2003
柏原市立歴史資料館館報,16,柏原市立歴史資料館,柏原市立歴史資料館,2004
柏原市立歴史資料館館報,17,柏原市立歴史資料館,柏原市立歴史資料館,2005
柏原市立歴史資料館館報,18,柏原市立歴史資料館,柏原市立歴史資料館,2006
柏原市立歴史資料館館報,19,柏原市立歴史資料館,柏原市立歴史資料館,2007
柏原市立歴史資料館館報,21,柏原市立歴史資料館,柏原市立歴史資料館,2009
柏原市立歴史資料館館報,27,柏原市立歴史資料館,柏原市立歴史資料館,2015
柏原市立歴史資料館館報,29,柏原市立歴史資料館,柏原市立歴史資料館,2017
柏原市立歴史資料館館報,34,柏原市立歴史資料館,柏原市立歴史資料館,2023
柏原市立歴史資料館館報,35,柏原市立歴史資料館,柏原市立歴史資料館,2024
柏原市立歴史資料館館報,36,柏原市立歴史資料館,柏原市立歴史資料館,2024
奈良市埋蔵文化財調査センター紀要,,奈良市教育委員会,奈良市教育委員会,1985
奈良市埋蔵文化財調査センター紀要,,奈良市教育委員会,奈良市教育委員会,1986
奈良市埋蔵文化財調査センター紀要,,奈良市教育委員会,奈良市教育委員会,1987
奈良市埋蔵文化財調査センター紀要,,奈良市教育委員会,奈良市教育委員会,1989
奈良市埋蔵文化財調査センター紀要,,奈良市教育委員会,奈良市教育委員会,1990
奈良市埋蔵文化財調査センター紀要,,奈良市教育委員会,奈良市教育委員会,1991
奈良市埋蔵文化財調査センター紀要,,奈良市教育委員会,奈良市教育委員会,1992
奈良市埋蔵文化財調査センター紀要,,奈良市教育委員会,奈良市教育委員会,1994
奈良市埋蔵文化財調査センター紀要,,奈良市教育委員会,奈良市教育委員会,1995
奈良市埋蔵文化財調査センター紀要,,奈良市教育委員会,奈良市教育委員会,1996
奈良市埋蔵文化財調査センター紀要,,奈良市教育委員会,奈良市教育委員会,1997
奈良市埋蔵文化財調査センター紀要,,奈良市教育委員会,奈良市教育委員会,1998
奈良市埋蔵文化財調査センター紀要,,奈良市教育委員会,奈良市教育委員会,1999
奈良市埋蔵文化財調査センター紀要,,奈良市教育委員会,奈良市教育委員会,2000
奈良市埋蔵文化財調査センター紀要,,奈良市教育委員会,奈良市教育委員会,2001
奈良市埋蔵文化財調査センター紀要,,奈良市教育委員会,奈良市教育委員会,2004
考古学論攷,2,奈良県橿原考古学研究所,奈良県橿原考古学研究所,1973
考古学論攷,7,奈良県橿原考古学研究所,奈良県橿原考古学研究所,1982
考古学論攷,8,奈良県橿原考古学研究所,奈良県橿原考古学研究所,1982
考古学論攷,9,奈良県橿原考古学研究所,奈良県橿原考古学研究所,1983
考古学論攷,10,奈良県橿原考古学研究所,奈良県橿原考古学研究所,1984
考古学論攷,11,奈良県橿原考古学研究所,奈良県橿原考古学研究所,1985
考古学論攷,12,奈良県橿原考古学研究所,奈良県橿原考古学研究所,1987
考古学論攷,13,奈良県橿原考古学研究所,奈良県橿原考古学研究所,1988
考古学論攷,14,奈良県橿原考古学研究所,奈良県橿原考古学研究所,1990
考古学論攷,16,奈良県橿原考古学研究所,奈良県橿原考古学研究所,1992
考古学論攷,17,奈良県橿原考古学研究所,奈良県橿原考古学研究所,1993
考古学論攷,18,奈良県橿原考古学研究所,奈良県橿原考古学研究所,1994
考古学論攷,19,奈良県橿原考古学研究所,奈良県橿原考古学研究所,1995
考古学論攷,20,奈良県橿原考古学研究所,奈良県橿原考古学研究所,1996
考古学論攷,21,奈良県橿原考古学研究所,奈良県橿原考古学研究所,1997
考古学論攷,22,奈良県橿原考古学研究所,奈良県橿原考古学研究所,1999
考古学論攷,23,奈良県橿原考古学研究所,奈良県橿原考古学研究所,2000
考古学論攷,24,奈良県橿原考古学研究所,奈良県橿原考古学研究所,2001
考古学論攷,25,奈良県橿原考古学研究所,奈良県橿原考古学研究所,2002
考古学論攷,26,奈良県橿原考古学研究所,奈良県橿原考古学研究所,2003
考古学論攷,27,奈良県橿原考古学研究所,奈良県橿原考古学研究所,2004
考古学論攷,28,奈良県橿原考古学研究所,奈良県橿原考古学研究所,2005
考古学論攷,29,奈良県橿原考古学研究所,奈良県橿原考古学研究所,2006
考古学論攷,30,奈良県橿原考古学研究所,奈良県橿原考古学研究所,2007
考古学論攷,31,奈良県橿原考古学研究所,奈良県橿原考古学研究所,2008
考古学論攷,32,奈良県橿原考古学研究所,奈良県橿原考古学研究所,2009
考古学論攷,33,奈良県橿原考古学研究所,奈良県橿原考古学研究所,2010
考古学論攷,34,奈良県橿原考古学研究所,奈良県橿原考古学研究所,2011
考古学論攷,35,奈良県橿原考古学研究所,奈良県橿原考古学研究所,2012
考古学論攷,36,奈良県橿原考古学研究所,奈良県橿原考古学研究所,2013
考古学論攷,37,奈良県橿原考古学研究所,奈良県橿原考古学研究所,2014
考古学論攷,38,奈良県橿原考古学研究所,奈良県橿原考古学研究所,2015
考古学論攷,39,奈良県橿原考古学研究所,奈良県橿原考古学研究所,2016
考古学論攷,40,奈良県橿原考古学研究所,奈良県橿原考古学研究所,2017
考古学論攷,41,奈良県橿原考古学研究所,奈良県橿原考古学研究所,2018
考古学論攷,42,奈良県橿原考古学研究所,奈良県橿原考古学研究所,2019
考古学論攷,43,奈良県橿原考古学研究所,奈良県橿原考古学研究所,2020
考古学論攷,44,奈良県橿原考古学研究所,奈良県橿原考古学研究所,2021
考古学論攷,45,奈良県橿原考古学研究所,奈良県橿原考古学研究所,2022
考古学論攷,48,奈良県橿原考古学研究所,奈良県橿原考古学研究所,2025
日韓文化財論集Ⅳ　奈良文化財研究所学報　第百冊,100,奈良国立文化財研究所,奈良国立文化財研究所,2021
森本六爾関係資料集Ⅳ、V,,橿原考古学研究所,由良大和古代文化研究協会,"20,212,022"
館報24,,,大阪府立近つ飛鳥博物館,2020
館報27,,,大阪府立近つ飛鳥博物館,2023
古墳群に暮らした人たちー集落遺跡からみる古市古墳群ー,,大阪府立近つ飛鳥博物館,大阪府立近つ飛鳥博物館,2021
天理参考館報,34、37,,天理参考館,"20,202,023"
古事　天理大学考古学・民俗学研究室紀要,25,,天理大学文学部歴史文化学科考古学・民俗学研究コース,2021
古事　天理大学考古学・民俗学研究室紀要,26,,天理大学文学部歴史文化学科考古学・民俗学研究コース,2022
古事　天理大学考古学・民俗学研究室紀要,28,,天理大学文学部歴史文化学科考古学・民俗学研究コース,2024
文化遺産と大学キャンパスⅡ,,桑原久男編,天理大学,2020
纒向学研究,1,,桜井市纒向学研究センター,2013
纒向学研究,2,,桜井市纒向学研究センター,2014
纒向学研究,3,,桜井市纒向学研究センター,2015
纒向学研究,4,,桜井市纒向学研究センター,2016
纒向学研究,5,,桜井市纒向学研究センター,2017
纒向学研究,6,,桜井市纒向学研究センター,2018
纒向学研究,7,,桜井市纒向学研究センター,2019
纒向学研究,9,,桜井市纒向学研究センター,2021
纒向学の最前線 纒向学研究,10,,桜井市纒向学研究センター,2022
桜井市纒向学研究センター年報,9,,桜井市纒向学研究センター,2021
桜井市纒向学研究センター年報,9,,桜井市纒向学研究センター,2022
桜井市纒向学研究センター年報,12,,桜井市纒向学研究センター,2024
奈文研論叢,2,,奈良文化財研究所,2021
奈文研論叢,3,,奈良文化財研究所,2022
奈文研論叢,4,,奈良文化財研究所,2024
奈文研論叢,5,,奈良文化財研究所,2025
全国遺跡地図総目録,,,奈良文化財研究所,2021
飛鳥資料館カタログ第37冊　飛鳥の考古学,37,独立行政法人国立文化財機構　奈良文化財研究所　飛鳥資料館,独立行政法人国立文化財機構　奈良文化財研究所　飛鳥資料館,2021
奈良県の縄文時代遺跡研究,,,由良大和古代文化研究協会,1997
黒塚古墳出土の三角縁神獣鏡ー銘文鏡の文字の字形研究ー,25 別冊,,由良大和古代文化研究協会,2021
紀伊風土記の丘年報,第４号,和歌山県立紀伊風土記の丘管理事務所,和歌山県立紀伊風土記の丘管理事務所,1977
紀伊風土記の丘年報,第５号,和歌山県立紀伊風土記の丘管理事務所,和歌山県立紀伊風土記の丘管理事務所,1978
和歌山県立紀伊風土記の丘　研究紀要　年報,研究紀要第４号　年報第４２号,和歌山県立紀伊風土記の丘,和歌山県立紀伊風土記の丘,2014
和歌山県立紀伊風土記の丘　研究紀要　年報,研究紀要第５号　年報第４３号,和歌山県立紀伊風土記の丘,和歌山県立紀伊風土記の丘,2015
和歌山県立紀伊風土記の丘　研究紀要　年報,研究紀要第７号　年報第４５号,和歌山県立紀伊風土記の丘,和歌山県立紀伊風土記の丘,2017
和歌山県立紀伊風土記の丘　研究紀要　年報,研究紀要第９号　年報第４７号,和歌山県立紀伊風土記の丘,和歌山県立紀伊風土記の丘,2019
和歌山県立紀伊風土記の丘　年報　研究紀要,年報第４０号　研究紀要第２号,和歌山県立紀伊風土記の丘,和歌山県立紀伊風土記の丘,2012
和歌山県立紀伊風土記の丘　年報　研究紀要,年報第４１号　研究紀要第３号,和歌山県立紀伊風土記の丘,和歌山県立紀伊風土記の丘,2013
兵庫県埋蔵文化財研究紀要,創刊号,兵庫県教育委員会埋蔵文化財調査事務所,兵庫県教育委員会埋蔵文化財調査事務所,2001
兵庫県埋蔵文化財研究紀要,第２号,兵庫県教育委員会埋蔵文化財調査事務所,兵庫県教育委員会埋蔵文化財調査事務所,2002
兵庫県埋蔵文化財研究紀要,第３号,兵庫県教育委員会埋蔵文化財調査事務所,兵庫県教育委員会埋蔵文化財調査事務所,2003
兵庫県埋蔵文化財研究紀要,第４号,兵庫県教育委員会埋蔵文化財調査事務所,兵庫県教育委員会埋蔵文化財調査事務所,2004
兵庫県立考古博物館　研究紀要,第１号,兵庫県立考古博物館,兵庫県立考古博物館,2008
兵庫県立考古博物館　研究紀要,第２号,兵庫県立考古博物館,兵庫県立考古博物館,2009
兵庫県立考古博物館　研究紀要　雲部車塚古墳の研究,第３号,兵庫県立考古博物館,兵庫県立考古博物館,2010
兵庫県立考古博物館　研究紀要,第４号,兵庫県立考古博物館,兵庫県立考古博物館,2011
兵庫県立考古博物館　研究紀要,第５号,兵庫県立考古博物館,兵庫県立考古博物館,2012
兵庫県立考古博物館　研究紀要,第６号,兵庫県立考古博物館,兵庫県立考古博物館,2013
兵庫県立考古博物館　研究紀要,第７号,兵庫県立考古博物館,兵庫県立考古博物館,2014
兵庫県立考古博物館　研究紀要,第８号,兵庫県立考古博物館,兵庫県立考古博物館,2015
兵庫県立考古博物館　研究紀要,第９号,兵庫県立考古博物館,兵庫県立考古博物館,2016
兵庫県立考古博物館　研究紀要,第１０号,兵庫県立考古博物館,兵庫県立考古博物館,2017
兵庫県立考古博物館　研究紀要,第１１号,兵庫県立考古博物館,兵庫県立考古博物館,2018
兵庫県立考古博物館　研究紀要,第１２号,兵庫県立考古博物館,兵庫県立考古博物館,2019
兵庫県立考古博物館　研究紀要,第１３号,兵庫県立考古博物館,兵庫県立考古博物館,2020
兵庫県立考古博物館　研究紀要,第１４号,兵庫県立考古博物館,兵庫県立考古博物館,2021
兵庫県立考古博物館　研究紀要,第１５号,兵庫県立考古博物館,兵庫県立考古博物館,2022
兵庫県立考古博物館　研究紀要,第１８号,兵庫県立考古博物館,兵庫県立考古博物館,2025
兵庫陶芸美術館研究紀要,第５号,兵庫陶芸美術館,兵庫陶芸美術館,2009
兵庫陶芸美術館研究紀要,第７号,兵庫陶芸美術館,兵庫陶芸美術館,2014
姫路市埋蔵文化財調査年報２０１８,,姫路市埋蔵文化財センター,姫路市埋蔵文化財センター,2018
有年考古,第２号,赤穂市教育委員会,赤穂市教育委員会,2015
有年考古,第５号,赤穂市教育委員会,赤穂市教育委員会,2018
有年考古,第８号,赤穂市教育委員会,赤穂市教育委員会,2021
調査研究紀要,1,鳥取県埋蔵文化センター,鳥取県埋蔵文化センター,2006
調査研究紀要,2,鳥取県埋蔵文化センター,鳥取県埋蔵文化センター,2007
調査研究紀要,3,鳥取県埋蔵文化センター,鳥取県埋蔵文化センター,2008
調査研究紀要,4,鳥取県埋蔵文化センター,鳥取県埋蔵文化センター,2009
調査研究紀要,5,鳥取県埋蔵文化センター,鳥取県埋蔵文化センター,2010
調査研究紀要,6,鳥取県埋蔵文化センター,鳥取県埋蔵文化センター,2011
調査研究紀要,7,鳥取県埋蔵文化センター,鳥取県埋蔵文化センター,2012
調査研究紀要,8,鳥取県埋蔵文化センター,鳥取県埋蔵文化センター,2013
古代文化研究,第１号,島根県古代文化センター,島根県古代文化センター,1993
古代文化研究,第２号,島根県古代文化センター,島根県古代文化センター,1994
古代文化研究,第２号,島根県古代文化センター,島根県古代文化センター,1994
古代文化研究,第３号,島根県古代文化センター,島根県古代文化センター,1995
古代文化研究,第４号,島根県古代文化センター,島根県古代文化センター,1996
古代文化研究,第５号,島根県古代文化センター,島根県古代文化センター,1997
古代文化研究,第６号,島根県古代文化センター,島根県古代文化センター,1998
古代文化研究,第７号,島根県古代文化センター,島根県古代文化センター,1999
古代文化研究,第８号,島根県古代文化センター,島根県古代文化センター,2000
古代文化研究,第９号,島根県古代文化センター,島根県古代文化センター,2001
古代文化研究,第１０号,島根県古代文化センター,島根県古代文化センター,2002
古代文化研究,第１２号,島根県古代文化センター,島根県古代文化センター,2004
古代文化研究,第１３号,島根県古代文化センター,島根県古代文化センター,2005
古代文化研究,第１４号,島根県古代文化センター,島根県古代文化センター,2006
古代文化研究,第１５号,島根県古代文化センター,島根県古代文化センター,2007
古代文化研究,第１６号,島根県古代文化センター,島根県古代文化センター,2008
古代文化研究,第１８号,島根県古代文化センター,島根県古代文化センター,2010
古代文化研究,第１９号,島根県古代文化センター,島根県古代文化センター,2011
古代文化研究,第２０号,島根県古代文化センター,島根県古代文化センター,2012
古代文化研究,第２１号,島根県古代文化センター,島根県古代文化センター,2013
古代文化研究,第２２号,島根県古代文化センター,島根県古代文化センター,2014
古代文化研究,第２３号,島根県古代文化センター,島根県古代文化センター,2015
古代文化研究,第２４号,島根県古代文化センター,島根県古代文化センター,2016
古代文化研究,第２５号,島根県古代文化センター,島根県古代文化センター,2017
古代文化研究,第２６号,島根県古代文化センター,島根県古代文化センター,2018
古代文化研究,第２７号,島根県古代文化センター,島根県古代文化センター,2019
古代文化研究,第２９号,島根県古代文化センター,島根県古代文化センター,2021
古代文化研究,第３０号,島根県古代文化センター,島根県古代文化センター,2022
古代文化研究,第３２号,島根県古代文化センター,島根県古代文化センター,2023
古代文化研究,第３３号,島根県古代文化センター,島根県古代文化センター,2024
島根県古代文化センター調査研究報告書５７　荒神谷遺跡青銅器郡の研究,57,島根県古代文化センター,島根県古代文化センター,2022
八雲立つ風土記の丘研究紀要　御崎山古墳の研究,Ⅲ,島根県教育委員会島根県立八雲立つ風土記の丘,島根県教育委員会島根県立八雲立つ風土記の丘,1996
島根県立博物館調査報告,第２冊,島根県立博物館,島根県立博物館,1979
島根県古代文化センター研究論集　山陰における古代交通の研究,第２７論集,島根県古代文化センター,島根県古代文化センター,2022
島根県古代文化センター研究論集　山陰における古代交通の研究,第３２論集,島根県古代文化センター,島根県古代文化センター,2024
岡山市埋蔵文化財センター研究紀要,1,岡山市教育委員会文化財課,岡山市教育委員会,2009
岡山市埋蔵文化財センター研究紀要,2,岡山市教育委員会文化財課,岡山市教育委員会,2010
岡山市埋蔵文化財センター研究紀要,3,岡山市教育委員会文化財課,岡山市教育委員会,2011
岡山市埋蔵文化財センター研究紀要,4,岡山市教育委員会文化財課,岡山市教育委員会,2012
岡山市埋蔵文化財センター研究紀要,5,岡山市教育委員会文化財課,岡山市教育委員会,2013
岡山市埋蔵文化財センター研究紀要,6,岡山市教育委員会文化財課,岡山市教育委員会,2014
岡山市埋蔵文化財センター研究紀要,7,岡山市教育委員会文化財課,岡山市教育委員会,2015
岡山市埋蔵文化財センター研究紀要,8,岡山市教育委員会文化財課,岡山市教育委員会,2016
岡山市埋蔵文化財センター研究紀要,9,岡山市教育委員会文化財課,岡山市教育委員会,2017
岡山市埋蔵文化財センター研究紀要,10,岡山市教育委員会文化財課,岡山市教育委員会,2018
岡山市埋蔵文化財センター研究紀要,11,岡山市教育委員会文化財課,岡山市教育委員会,2019
岡山市埋蔵文化財センター研究紀要,17,岡山市教育委員会文化財課,岡山市教育委員会,2025
岡山市立オリエント美術館研究紀要,1,,岡山市立オリエント美術館,1981
岡山市立オリエント美術館研究紀要,2,,岡山市立オリエント美術館,1982
岡山市立オリエント美術館研究紀要,3,,岡山市立オリエント美術館,1983
岡山市立オリエント美術館研究紀要,4,,岡山市立オリエント美術館,1985
岡山市立オリエント美術館研究紀要,5,,岡山市立オリエント美術館,1986
岡山市立オリエント美術館研究紀要,6,,岡山市立オリエント美術館,1987
岡山市立オリエント美術館研究紀要,7,,岡山市立オリエント美術館,1988
岡山市立オリエント美術館研究紀要,8,,岡山市立オリエント美術館,1988
岡山市立オリエント美術館研究紀要,9,,岡山市立オリエント美術館,1989
岡山市立オリエント美術館研究紀要,10,,岡山市立オリエント美術館,1992
岡山市立オリエント美術館研究紀要,11,,岡山市立オリエント美術館,1993
岡山市立オリエント美術館研究紀要,12,,岡山市立オリエント美術館,1993
岡山市立オリエント美術館研究紀要,13,,岡山市立オリエント美術館,1995
岡山市立オリエント美術館研究紀要,15,,岡山市立オリエント美術館,1998
岡山市立オリエント美術館研究紀要,18,,岡山市立オリエント美術館,2001
岡山市立オリエント美術館研究紀要,19,,岡山市立オリエント美術館,2002
岡山市立オリエント美術館研究紀要,20,,岡山市立オリエント美術館,2004
岡山市立オリエント美術館研究紀要,21,,岡山市立オリエント美術館,2007
岡山市立オリエント美術館研究紀要,22,,岡山市立オリエント美術館,2008
岡山市立オリエント美術館研究紀要,23,,岡山市立オリエント美術館,2009
岡山市立オリエント美術館研究紀要,24,,岡山市立オリエント美術館,2010
岡山市立オリエント美術館研究紀要,25,,岡山市立オリエント美術館,2011
岡山市立オリエント美術館研究紀要,26,,岡山市立オリエント美術館,2012
岡山市立オリエント美術館研究紀要,27,,岡山市立オリエント美術館,2013
岡山市立オリエント美術館研究紀要,28,,岡山市立オリエント美術館,2014
岡山県古代吉備文化財センター　年報,2、３,,岡山県古代吉備文化財センター,2023、2024
研究輯録,1,松村昌彦,財団法人広島県埋蔵文化財調査センター,1991
研究輯録,2,松村昌彦,財団法人広島県埋蔵文化財調査センター,1992
研究輯録,3,松村昌彦,財団法人広島県埋蔵文化財調査センター,1993
研究輯録,4,松村昌彦,財団法人広島県埋蔵文化財調査センター,1994
研究輯録,5,松村昌彦,財団法人広島県埋蔵文化財調査センター,1995
研究輯録,6,松村昌彦,財団法人広島県埋蔵文化財調査センター,1996
研究輯録,7,松村昌彦,財団法人広島県埋蔵文化財調査センター,1997
研究輯録,8,松村昌彦,財団法人広島県埋蔵文化財調査センター,1998
研究輯録,9,松村昌彦,財団法人広島県埋蔵文化財調査センター,1999
研究輯録,10,松村昌彦,財団法人広島県埋蔵文化財調査センター,2000
研究紀要,創刊号,広島県立歴史博物館,広島県立歴史博物館,1992
研究紀要,10,広島県立歴史博物館,広島県立歴史博物館,2008
研究紀要,11,広島県立歴史博物館,広島県立歴史博物館,2009
研究紀要,12,広島県立歴史博物館,広島県立歴史博物館,2010
徳島県博物館紀要,1,徳島県博物館,徳島県博物館,1969
徳島県博物館紀要,2,徳島県博物館,徳島県博物館,1970
徳島県博物館紀要,4,徳島県博物館,徳島県博物館,1972
徳島県博物館紀要,5,徳島県博物館,徳島県博物館,1973
徳島県博物館紀要,8,徳島県博物館,徳島県博物館,1976
徳島県博物館紀要,9,徳島県博物館,徳島県博物館,1977
紀要愛媛,創刊号,財団法人愛媛県埋蔵文化財調査センター,財団法人愛媛県埋蔵文化財調査センター,2000
紀要愛媛,2,財団法人愛媛県埋蔵文化財調査センター,財団法人愛媛県埋蔵文化財調査センター,2001
紀要愛媛,3,財団法人愛媛県埋蔵文化財調査センター,財団法人愛媛県埋蔵文化財調査センター,2003
紀要愛媛,4,財団法人愛媛県埋蔵文化財調査センター,財団法人愛媛県埋蔵文化財調査センター,2004
紀要愛媛,5,財団法人愛媛県埋蔵文化財調査センター,財団法人愛媛県埋蔵文化財調査センター,2005
紀要愛媛,6,財団法人愛媛県埋蔵文化財調査センター,財団法人愛媛県埋蔵文化財調査センター,2006
紀要愛媛,7,財団法人愛媛県埋蔵文化財調査センター,財団法人愛媛県埋蔵文化財調査センター,2007
紀要愛媛,8,財団法人愛媛県埋蔵文化財調査センター,財団法人愛媛県埋蔵文化財調査センター,2008
紀要愛媛,9,財団法人愛媛県埋蔵文化財調査センター,財団法人愛媛県埋蔵文化財調査センター,2010
紀要愛媛,10,財団法人愛媛県埋蔵文化財調査センター,財団法人愛媛県埋蔵文化財調査センター,2014
紀要愛媛,11,財団法人愛媛県埋蔵文化財調査センター,財団法人愛媛県埋蔵文化財調査センター,2015
紀要愛媛,12,財団法人愛媛県埋蔵文化財調査センター,財団法人愛媛県埋蔵文化財調査センター,2016
紀要愛媛,13,財団法人愛媛県埋蔵文化財調査センター,財団法人愛媛県埋蔵文化財調査センター,2017
紀要愛媛,14,財団法人愛媛県埋蔵文化財調査センター,財団法人愛媛県埋蔵文化財調査センター,2018
紀要愛媛,15,財団法人愛媛県埋蔵文化財調査センター,財団法人愛媛県埋蔵文化財調査センター,2019
紀要愛媛,20,財団法人愛媛県埋蔵文化財調査センター,財団法人愛媛県埋蔵文化財調査センター,2024
紀要愛媛,21,財団法人愛媛県埋蔵文化財調査センター,財団法人愛媛県埋蔵文化財調査センター,2025
研究紀要,1,財団法人香川県埋蔵文化財センター,香川県埋蔵文化財センター,1993
研究紀要,2,財団法人香川県埋蔵文化財センター,香川県埋蔵文化財センター,1994
研究紀要,3,財団法人香川県埋蔵文化財センター,香川県埋蔵文化財センター,1995
研究紀要,4,財団法人香川県埋蔵文化財センター,香川県埋蔵文化財センター,1996
研究紀要　特集　七世紀の讃岐,5,財団法人香川県埋蔵文化財センター,香川県埋蔵文化財センター,1997
研究紀要,6,財団法人香川県埋蔵文化財センター,香川県埋蔵文化財センター,1998
研究紀要,7,財団法人香川県埋蔵文化財センター,香川県埋蔵文化財センター,1999
研究紀要,8,財団法人香川県埋蔵文化財センター,香川県埋蔵文化財センター,2000
研究紀要,9,財団法人香川県埋蔵文化財センター,香川県埋蔵文化財センター,2001
研究紀要,10,財団法人香川県埋蔵文化財センター,香川県埋蔵文化財センター,2002
研究紀要,11,財団法人香川県埋蔵文化財センター,香川県埋蔵文化財センター,2004
研究紀要,1,財団法人香川県埋蔵文化財センター,香川県埋蔵文化財センター,2005
研究紀要,2,財団法人香川県埋蔵文化財センター,香川県埋蔵文化財センター,2006
研究紀要,3,財団法人香川県埋蔵文化財センター,香川県埋蔵文化財センター,2007
研究紀要,4,財団法人香川県埋蔵文化財センター,香川県埋蔵文化財センター,2008
研究紀要,5,財団法人香川県埋蔵文化財センター,香川県埋蔵文化財センター,2009
研究紀要,6,財団法人香川県埋蔵文化財センター,香川県埋蔵文化財センター,2010
研究紀要,7,財団法人香川県埋蔵文化財センター,香川県埋蔵文化財センター,2011
大宰府学研究　九州国立博物館アジア文化交流センター研究論集,1,九州国立博物館,九州国立博物館福岡県立アジア文化交流センター,2019
大宰府史跡指定100年と研究の歩み　九州国立博物館アジア文化交流センター研究論集,2,九州国立博物館,九州国立博物館福岡県立アジア文化交流センター,2021
九州文化史研究所紀要,27,九州文化史研究所,九州文化史研究所,1982
九州文化史研究所紀要,32,九州文化史研究所,九州文化史研究所,1987
九州文化史研究所紀要,33,九州文化史研究所,九州文化史研究所,1988
九州文化史研究所紀要,34,九州文化史研究所,九州文化史研究所,1989
九州文化史研究所紀要,35,九州文化史研究所,九州文化史研究所,1990
九州文化史研究所紀要,36,九州文化史研究所,九州文化史研究所,1991
九州文化史研究所紀要,37,九州文化史研究所,九州文化史研究所,1992
九州文化史研究所紀要,38,九州文化史研究所,九州文化史研究所,1993
九州文化史研究所紀要,39,九州文化史研究所,九州文化史研究所,1994
研究紀要　特集・豊前修験道,1,北九州市立歴史博物館,北九州市立歴史博物館,1979
研究紀要,1,北九州市立考古博物館,北九州市立考古博物館,1994
研究紀要,2,北九州市立考古博物館,北九州市立考古博物館,1995
研究紀要,3,北九州市立考古博物館,北九州市立考古博物館,1996
研究紀要,4,北九州市立考古博物館,北九州市立考古博物館,1997
研究紀要,5,北九州市立考古博物館,北九州市立考古博物館,1998
研究紀要,6,北九州市立考古博物館,北九州市立考古博物館,1999
研究紀要,7,北九州市立考古博物館,北九州市立考古博物館,2000
研究紀要,8,北九州市立考古博物館,北九州市立考古博物館,2002
研究紀要,創刊号,北九州市教育文化事業団,北九州市教育文化事業団,1987
研究紀要,2,北九州市教育文化事業団,北九州市教育文化事業団,1988
研究紀要　埋蔵文化財調査室開設10周年記念特集号,3,北九州市教育文化事業団,北九州市教育文化事業団,1989
研究紀要,4,北九州市教育文化事業団,北九州市教育文化事業団,1990
研究紀要,5,北九州市教育文化事業団,北九州市教育文化事業団,1991
研究紀要,6,北九州市教育文化事業団,北九州市教育文化事業団,1992
研究紀要,7,北九州市教育文化事業団,北九州市教育文化事業団,1993
研究紀要　埋蔵文化財調査室開設15周年記念特集号,8,北九州市教育文化事業団,北九州市教育文化事業団,1994
研究紀要,9,北九州市教育文化事業団,北九州市教育文化事業団,1995
研究紀要,10,北九州市教育文化事業団,北九州市教育文化事業団,1996
研究紀要,11,北九州市教育文化事業団,北九州市教育文化事業団,1997
研究紀要,12,北九州市教育文化事業団,北九州市教育文化事業団,1998
研究紀要,13,北九州市教育文化事業団,北九州市教育文化事業団,1999
研究紀要,14,北九州市教育文化事業団,北九州市教育文化事業団,2000
研究紀要,15,北九州市教育文化事業団,北九州市教育文化事業団,2000
研究紀要,16,北九州市芸術文化振興財団,北九州市芸術文化振興財団,2002
研究紀要,17,北九州市芸術文化振興財団,北九州市芸術文化振興財団,2003
研究紀要,18,北九州市芸術文化振興財団,北九州市芸術文化振興財団,2004
研究紀要,19,北九州市芸術文化振興財団,北九州市芸術文化振興財団,2005
研究紀要,20,北九州市芸術文化振興財団,北九州市芸術文化振興財団,2006
研究紀要,21,北九州市芸術文化振興財団,北九州市芸術文化振興財団,2007
研究紀要,22,北九州市芸術文化振興財団,北九州市芸術文化振興財団,2008
研究紀要,23,北九州市芸術文化振興財団,北九州市芸術文化振興財団,2009
研究紀要,24,北九州市芸術文化振興財団,北九州市芸術文化振興財団,2010
研究紀要,25,北九州市芸術文化振興財団,北九州市芸術文化振興財団,2011
研究紀要,26,北九州市芸術文化振興財団,北九州市芸術文化振興財団,2012
研究紀要,27,北九州市芸術文化振興財団,北九州市芸術文化振興財団,2013
研究紀要,28,北九州市芸術文化振興財団,北九州市芸術文化振興財団,2014
研究紀要,29,北九州市芸術文化振興財団,北九州市芸術文化振興財団,2015
研究紀要,30,北九州市芸術文化振興財団,北九州市芸術文化振興財団,2016
研究紀要,31,北九州市芸術文化振興財団,北九州市芸術文化振興財団,2017
研究紀要,32,北九州市芸術文化振興財団,北九州市芸術文化振興財団,2018
研究紀要,33,北九州市芸術文化振興財団,北九州市芸術文化振興財団,2019
研究紀要,34,北九州市芸術文化振興財団,北九州市芸術文化振興財団,2020
研究紀要,35,北九州市芸術文化振興財団,北九州市芸術文化振興財団,2021
研究紀要,36,北九州市芸術文化振興財団,北九州市芸術文化振興財団,2022
研究紀要,38,北九州市芸術文化振興財団,北九州市芸術文化振興財団,2024
研究紀要,38,北九州市芸術文化振興財団,北九州市芸術文化振興財団,2024
伊都国歴史博物館紀要,創刊号,伊都国歴史博物館,伊都国歴史博物館,2006
伊都国歴史博物館紀要,2,伊都国歴史博物館,伊都国歴史博物館,2007
伊都国歴史博物館紀要,3,伊都国歴史博物館,伊都国歴史博物館,2008
伊都国歴史博物館紀要,4,伊都国歴史博物館,伊都国歴史博物館,2009
伊都国歴史博物館紀要,5,伊都国歴史博物館,伊都国歴史博物館,2010
伊都国歴史博物館紀要,6,伊都国歴史博物館,伊都国歴史博物館,2011
伊都国歴史博物館紀要,7,伊都国歴史博物館,伊都国歴史博物館,2012
伊都国歴史博物館紀要,8,伊都国歴史博物館,伊都国歴史博物館,2013
伊都国歴史博物館紀要,9,伊都国歴史博物館,伊都国歴史博物館,2014
伊都国歴史博物館紀要,10,伊都国歴史博物館,伊都国歴史博物館,2015
伊都国歴史博物館年報,10,伊都国歴史博物館,伊都国歴史博物館,2013
伊都国歴史博物館年報,11,伊都国歴史博物館,伊都国歴史博物館,2014
福岡市博物館研究紀要,創刊号,福岡市博物館,福岡市博物館,1991
福岡市博物館研究紀要,2,福岡市博物館,福岡市博物館,1992
福岡市立歴史資料館研究報告,1,福岡市立歴史資料館,福岡市立歴史資料館,1977
福岡市立歴史資料館研究報告,2,福岡市立歴史資料館,福岡市立歴史資料館,1978
福岡市立歴史資料館研究報告,3,福岡市立歴史資料館,福岡市立歴史資料館,1979
福岡市立歴史資料館研究報告,6,福岡市立歴史資料館,福岡市立歴史資料館,1982
福岡市立歴史資料館研究報告,7,福岡市立歴史資料館,福岡市立歴史資料館,1983
福岡市立歴史資料館研究報告,8,福岡市立歴史資料館,福岡市立歴史資料館,1984
福岡市立歴史資料館研究報告,9,福岡市立歴史資料館,福岡市立歴史資料館,1985
福岡市立歴史資料館研究報告,10,福岡市立歴史資料館,福岡市立歴史資料館,1986
福岡市立歴史資料館研究報告,11,福岡市立歴史資料館,福岡市立歴史資料館,1987
福岡市立歴史資料館研究報告,12,福岡市立歴史資料館,福岡市立歴史資料館,1988
福岡市立歴史資料館研究報告,13,福岡市立歴史資料館,福岡市立歴史資料館,1989
福岡市立歴史資料館研究報告,14,福岡市立歴史資料館,福岡市立歴史資料館,1990
別府大学学生考古学紀要　クロボク,,別府大学文学部,別府大学文学部,1978
九州歴史資料館研究論集,7,九州歴史資料館,九州歴史資料館,1981
九州歴史資料館研究論集,8,九州歴史資料館,九州歴史資料館,1982
九州歴史資料館研究論集,9,九州歴史資料館,九州歴史資料館,1983
九州歴史資料館研究論集,10,九州歴史資料館,九州歴史資料館,1984
九州歴史資料館研究論集,11,九州歴史資料館,九州歴史資料館,1985
九州歴史資料館研究論集,12,九州歴史資料館,九州歴史資料館,1986
九州歴史資料館研究論集,13,九州歴史資料館,九州歴史資料館,1988
九州歴史資料館研究論集,14,九州歴史資料館,九州歴史資料館,1989
九州歴史資料館研究論集,15,九州歴史資料館,九州歴史資料館,1990
九州歴史資料館研究論集,16,九州歴史資料館,九州歴史資料館,1991
九州歴史資料館研究論集,17,九州歴史資料館,九州歴史資料館,1992
九州歴史資料館研究論集,18,九州歴史資料館,九州歴史資料館,1993
九州歴史資料館研究論集,19,九州歴史資料館,九州歴史資料館,1994
九州歴史資料館研究論集,20,九州歴史資料館,九州歴史資料館,1995
九州歴史資料館研究論集,21,九州歴史資料館,九州歴史資料館,1996
九州歴史資料館研究論集,22,九州歴史資料館,九州歴史資料館,1997
九州歴史資料館研究論集,23,九州歴史資料館,九州歴史資料館,1998
九州歴史資料館研究論集,24,九州歴史資料館,九州歴史資料館,1999
九州歴史資料館研究論集,25,九州歴史資料館,九州歴史資料館,2000
九州歴史資料館研究論集,26,九州歴史資料館,九州歴史資料館,2001
九州歴史資料館研究論集,27,九州歴史資料館,九州歴史資料館,2002
九州歴史資料館研究論集,28,九州歴史資料館,九州歴史資料館,2003
九州歴史資料館研究論集,29,九州歴史資料館,九州歴史資料館,2004
九州歴史資料館研究論集,30,九州歴史資料館,九州歴史資料館,2005
九州歴史資料館研究論集,31,九州歴史資料館,九州歴史資料館,2006
九州歴史資料館研究論集,32,九州歴史資料館,九州歴史資料館,2007
九州歴史資料館研究論集,33,九州歴史資料館,九州歴史資料館,2008
九州歴史資料館研究論集,34,九州歴史資料館,九州歴史資料館,2009
九州歴史資料館研究論集,35,九州歴史資料館,九州歴史資料館,2010
九州歴史資料館研究論集,36,九州歴史資料館,九州歴史資料館,2011
九州歴史資料館研究論集,37,九州歴史資料館,九州歴史資料館,2012
九州歴史資料館研究論集,38,九州歴史資料館,九州歴史資料館,2013
九州歴史資料館研究論集,39,九州歴史資料館,九州歴史資料館,2014
九州歴史資料館研究論集,39,九州歴史資料館,九州歴史資料館,2015
九州歴史資料館研究論集,49,九州歴史資料館,九州歴史資料館,2024
文化財の保存,1,九州歴史資料館,九州歴史資料館,1981
佐賀県立博物館・美術館　調査研究書,21,佐賀県立博物館・佐賀県立美術館,佐賀県立博物館・佐賀県立美術館,1996
佐賀県立博物館・美術館　調査研究書,22,佐賀県立博物館・佐賀県立美術館,佐賀県立博物館・佐賀県立美術館,1997
佐賀県立博物館・美術館　調査研究書,23,佐賀県立博物館・佐賀県立美術館,佐賀県立博物館・佐賀県立美術館,1999
佐賀県立博物館・美術館　調査研究書,25,佐賀県立博物館・佐賀県立美術館,佐賀県立博物館・佐賀県立美術館,2001
佐賀県立博物館・美術館　調査研究書,27,佐賀県立博物館・佐賀県立美術館,佐賀県立博物館・佐賀県立美術館,2003
佐賀県立博物館・美術館　調査研究書,47,佐賀県立博物館・佐賀県立美術館,佐賀県立博物館・佐賀県立美術館,2023
佐賀県立博物館・美術館　調査研究書,49,佐賀県立博物館・佐賀県立美術館,佐賀県立博物館・佐賀県立美術館,2025
佐賀県立九州陶磁文化館研究紀要,1,佐賀県立九州陶磁文化館,佐賀県立九州陶磁文化館,1986
佐賀県立九州陶磁文化館研究紀要,2,佐賀県立九州陶磁文化館,佐賀県立九州陶磁文化館,1990
佐賀県立九州陶磁文化館研究紀要,4,佐賀県立九州陶磁文化館,佐賀県立九州陶磁文化館,2005
佐賀県立九州陶磁文化館研究紀要,5,佐賀県立九州陶磁文化館,佐賀県立九州陶磁文化館,2007
長崎県埋蔵文化財センター　研究紀要,1,長崎県埋蔵文化財センター,長崎県埋蔵文化財センター,2011
長崎県埋蔵文化財センター　研究紀要,2,長崎県埋蔵文化財センター,長崎県埋蔵文化財センター,2012
長崎県埋蔵文化財センター　研究紀要,3,長崎県埋蔵文化財センター,長崎県埋蔵文化財センター,2013
長崎県埋蔵文化財センター　研究紀要,4,長崎県埋蔵文化財センター,長崎県埋蔵文化財センター,2014
長崎県埋蔵文化財センター　研究紀要,5,長崎県埋蔵文化財センター,長崎県埋蔵文化財センター,2015
長崎県埋蔵文化財センター　研究紀要,6,長崎県埋蔵文化財センター,長崎県埋蔵文化財センター,2016
長崎県埋蔵文化財センター　研究紀要,7,長崎県埋蔵文化財センター,長崎県埋蔵文化財センター,2017
長崎県埋蔵文化財センター　研究紀要,8,長崎県埋蔵文化財センター,長崎県埋蔵文化財センター,2018
長崎県埋蔵文化財センター　研究紀要,9,長崎県埋蔵文化財センター,長崎県埋蔵文化財センター,2019
古代世界の中の壱岐,,,壱岐市教育委員会,2021
長崎県立美術博物館　研究紀要,1,,長崎県立美術博物館,1972
平戸紀要　根獅子遺跡　特集,5,,平戸市,2017
平戸紀要　平戸藩主の庭園に佇む石造物群　写真＆実測図,6,,平戸市,2017
研究紀要,8,,大分県宇佐風土記の丘歴史民俗資料館,1993
研究紀要,10,,大分県宇佐風土記の丘歴史民俗資料館,1997
研究紀要,1,,大分県立埋蔵文化財センター,2018
研究紀要,8,,大分県立埋蔵文化財センター,2025
研究紀要,5,,熊本県立装飾古墳館,2005
研究紀要,6,,熊本県立装飾古墳館,2006
研究紀要,7,,熊本県立装飾古墳館,2007
宮崎県立西都原考古博物館研究紀要,6,,宮崎県立西都原考古博物館,2010
宮崎県立西都原考古博物館研究紀要,7,,宮崎県立西都原考古学博物館,2011
宮崎県立西都原考古博物館研究紀要,8,,宮崎県立西都原考古博物館,2012
宮崎県立西都原考古博物館研究紀要,9,,宮崎県立西都原考古学博物館,2013
宮崎県立西都原考古博物館研究紀要,10,,宮崎県立西都原考古博物館,2014
宮崎県立西都原考古博物館研究紀要,11,,宮崎県立西都原考古学博物館,2015
宮崎県立西都原考古博物館研究紀要,12,,宮崎県立西都原考古博物館,2016
宮崎県立西都原考古博物館研究紀要,13,,宮崎県立西都原考古学博物館,2017
宮崎県立西都原考古博物館研究紀要,14,,宮崎県立西都原考古博物館,2018
宮崎県立西都原考古博物館研究紀要,15,,宮崎県立西都原考古学博物館,2019
宮崎県立西都原考古博物館研究紀要,16,,宮崎県立西都原考古博物館,2020
宮崎県立西都原考古博物館研究紀要,17,,宮崎県立西都原考古学博物館,2021
宮崎県立西都原考古博物館研究紀要,18,,宮崎県立西都原考古博物館,2022
宮崎県立西都原考古博物館研究紀要,19,,宮崎県立西都原考古博物館,2023
宮崎県立西都原考古博物館研究紀要,20,,宮崎県立西都原考古学博物館,2024
宮崎県立西都原考古博物館年報,,,宮崎県立西都原考古学博物館,2022
宮崎県立西都原考古博物館年報,,,宮崎県立西都原考古学博物館,2023
下北方5号地下式横穴墓が語る古墳時代とみやざき,,宮崎市教育委員会文化財課,宮崎市教育委員会,2021
研究紀要　縄文の森から,1,,鹿児島県立埋蔵文化財センター,2003
研究紀要・年報　縄文の森から,2,,鹿児島県立埋蔵文化財センター,2004
研究紀要・年報　縄文の森から,3,,鹿児島県立埋蔵文化財センター,2005
研究紀要・年報　縄文の森から,4,,鹿児島県立埋蔵文化財センター,2006
紀要　沖縄埋文研究,1,,沖縄県立埋蔵文化財センター,2003
紀要　沖縄埋文研究,2,,沖縄県立埋蔵文化財センター,2004
紀要　沖縄埋文研究,3,,沖縄県立埋蔵文化財センター,2005
紀要　沖縄埋文研究,4,,沖縄県立埋蔵文化財センター,2006
津市文化財年報,18,津市教育委員会,津市教育委員会,2024
津市文化財年報,19,津市教育委員会,津市教育委員会,2025
岡山大学文明動態学研究所文化遺産マネジメント部門　紀要,,,岡山大学文明動態学研究所文化遺産マネジメント部門,2023
あいち朝日遺跡ミュージアム研究紀要,4,,あいち朝日遺跡ミュージアム,2025
調査年報,37,,北海道埋蔵文化財センター,2024
茨城県立歴史館報,52,,茨城県立歴史館,2025
木更津市文化財調査集報,29,,木更津市教育委員会,2025
資源環境と人類,15,,明治大学黒曜石研究センター,2025
大阪市文化財協会46年のあゆみ,,,一般財団法人　大阪市文化財協会,2025
橿原考古学研究所年報,50,,奈良県立橿原考古学研究所,2023
博物館学年報,56,,同志社大学博物館学芸員課程,2025
香川県文化財年報,,,香川県教育委員会,2023
宮城県多賀城跡調査研究所年報,,,宮城県多賀城跡研究所,2024
高槻市文化財年報,,,高槻市,2022
高槻市文化財年報,,,高槻市,2023
松山市埋蔵文化財調査年報,36,,松山市教育委員会、埋蔵文化財センター,2023
年報　都城,34,,向日市埋蔵文化財センター,2023
年報　都城,35,,向日市埋蔵文化財センター,2024
年報　都城,36,,向日市埋蔵文化財センター,2025
アジア流域文化研究,XVI,,東北学院大学アジア流域文化研究所,2025
ラーフィダーン,XLVI,,国士館大学21世紀アジア学部附属イラク古代文化研究所,2025
名古屋市博物館　研究紀要,48,,名古屋市博物館,2025
令和５年度　宇都宮市文化財年報,40,,宇都宮市,2025
新潟市文化財センター年報,12,,新潟市文化財センター,2025
城郭研究室年報,34,,姫路市城郭研究室,2025
帝塚山大学附属博物館報,XX,,,
益城町埋蔵文化財調査年報,4,,熊本県益城町教育委員会,2025
北海道大学考古学研究室研究紀要,4,,北海道大学大学院文学研究院考古学研究室,2025
岡山市埋蔵文化財センター年報,24,,岡山市教育委員会,2025
東京大学構内遺跡調査研究年報,17,,東京大学埋蔵文化財調査室,2025
公益財団法人上野仏教美術研究上野記念財団研究報告書,第51冊,浄土宗を中心とした祖師信仰とその造形,上野記念財団,2025
織豊城郭,12～13、17～20,,織豊期城郭研究会,2012～2013、2017～2020
鹿児島大学埋蔵文化財調査センター年報,38，39,,鹿児島大学埋蔵文化財調査センター,2025
玉川大学博物館紀要,22,,玉川大学博物館,2025
有田川町埋蔵文化財調査年報,24,,有田川町教育委員会,2025
花園大学博物館学芸員課程報告,6,,花園大学博物館学芸員課程,2025
天理市文化財調査年報,,,天理市教育委員会,2025
天理市埋蔵文化財調査概報,2022，2022年度,,天理市教育委員会,2025
山口大学埋蔵文化財資料館年報,令和３年度,,山口大学埋蔵文化財資料館,2025
考古学研究,71-4,,考古学研究会,2025
瀬戸市文化振興財団埋蔵文化財センター研究紀要,26,,公益財団法人瀬戸市文化振興財団,2025
玉川大学教育博物館館報,22,,玉川大学教育博物館,2024
神戸市埋蔵文化財年報,2020,,神戸市,2024
出雲弥生の森博物館研究紀要,12,,出雲弥生の森博物館,2024
出雲弥生の森博物館研究紀要,13,,出雲弥生の森博物館,2025
研究紀要,25,,愛知県埋蔵文化財センター,2024
研究紀要,26,,愛知県埋蔵文化財センター,2025
年報,令和６年度,,愛知県埋蔵文化財センター,2025
三鷹市文化財年報・研究紀要,7,,三鷹市スポーツと文化部生涯学習課,2023
妻木晩田遺跡発掘調査研究年報,,,鳥取県立むきばんだ史跡公園,2023
山口市文化財年報,17,,山口市教育委員会,2024
愛媛大学埋蔵文化財調査年報,2022,,愛媛大学埋蔵文化財調査室,2024
鳥栖市文化財年報,2022,,鳥栖市教育委員会,2024
香川県三豊市宗吉かわらの里展示館年報,12,,三豊市教育委員会,2023
埋蔵文化財調査室年報,38,,北九州市芸術文化振興財団埋蔵文化財調査室,2024
栗東市埋蔵文化財調査報告年報,2022,,栗東市教育委員会,2024
熊本城調査研究センター年報,9,,熊本市熊本城調査研究センター,2023
桜井市立埋蔵文化財センター年報,令和５年度,,桜井市埋蔵文化財センター,2024
上郡町文化財年報,平成16年度,,上郡町教育委員会,2024
上郡町文化財年報,平成17年度,,上郡町教育委員会,2024
鳥取城調査研究年報,17,,鳥取市教育委員会,2024
年報,令和４年度,,公益財団法人大阪府文化財センター,2023
熊本市埋蔵文化財調査年報,26,,熊本市教育委員会,2024
公益財団法人石川県埋蔵文化財センター年報,25,,公益財団法人石川県埋蔵文化財センター,2023
年報津山弥生の里,31,,津山弥生の里文化財センター,2024
年報津山弥生の里,32,,津山弥生の里文化財センター,2025
Archaeo-Clio,22,,東京学芸大学考古学研究室,2025
多治見市文化財保護センター研究紀要,17,,多治見市教育委員会多治見市文化財保護センター,2025
日田市埋蔵文化財年報,令和４年度,,日田市教育委員会,2024
東京都埋蔵文化財センター　年報,44,,東京都埋蔵文化財センター,2025
ふちゅ〜る,33,,静岡市教育学委員会,2024
月刊文化財,8,平成１４年,,
月刊文化財,5,平成２４年,,
月刊文化財,5,平成２６年,,
月刊文化財,3,平成２７年,,
月刊文化財,4,平成２９年,,
月刊文化財,5,令和７年,,
月刊文化財,6,令和７年,,
年報,令和４年度,,公益財団法人　大阪府文化財センター,2023
和歌山県文化財センター　研究紀要,3,令和７年,公益財団法人　和歌山県文化財センター,2025
愛比売　～発掘調査事業および普及活動事業の記録～,令和６年度,,公益財団法人　愛媛県埋蔵文化財センター,2025
丘珠縄文遺跡年報,6,2023,札幌市埋蔵文化財センター,2025
新宿区文化財調査年報,17,令和4，5年度,新宿区文化観光産業部文化観光課,2025
山口県埋蔵文化財センター年報,,,山口県埋蔵文化財センター,2024
埋蔵文化財調査室年報,41,令和５年度,北九州市芸術文化振興財団,2025
高知県埋蔵文化財センター年報,33,２０２３年度,高知県文化財団埋蔵文化財センター,2024
埋蔵文化財センター年報,33,令和４年度,とちぎ未来づくり財団埋蔵文化財センター,2023
埋蔵文化財センター年報,34,令和5年度,とちぎ未来づくり財団埋蔵文化財センター,2024
年報,40,令和５年度,山梨県埋蔵文化財センター,2025
埋蔵文化財　年報,43,令和５年度,公益財団法人　茨城県教育財団,2024
MOUSEION　立教大学博物館研究,68,,立教大学学校・社会教育講座,2025
埋蔵文化財調査室年報,11,令和５年度,一般財団法人　米子市文化財団,2024
金沢市文化財紀要,362,金沢市埋蔵文化財センター,金沢市,